OBJECTID,NO2,PM25,PM10,CO,SO2,OZONE,lat,lng,AQI,createdAt,postalCode,majorPollutant,x,y
1,0.543,1.456,6.009,0.136,0.044,22.544,57.6999999999916,-129.800000000003,21,11/11/2024 10:00:00 PM,V0J 1K0,O3,-129.800000000003,57.6999999999916
2,0.544,1.41,6.009,0.137,0.03,21.609,57.6999999999916,-129.800000000003,20,11/11/2024 11:00:00 PM,V0J 1K0,O3,-129.800000000003,57.6999999999916
3,0.535,1.604,6.678,0.138,0.03,20.376,57.6999999999916,-129.800000000003,19,11/12/2024 12:00:00 AM,V0J 1K0,O3,-129.800000000003,57.6999999999916
4,0.58,2.635,11.365,0.136,0.032,20.334,57.6999999999916,-129.800000000003,19,11/12/2024 1:00:00 AM,V0J 1K0,O3,-129.800000000003,57.6999999999916
5,0.567,2.841,12.035,0.137,0.031,19.674,57.6999999999916,-129.800000000003,18,11/12/2024 2:00:00 AM,V0J 1K0,O3,-129.800000000003,57.6999999999916
6,0.554,2.745,12.035,0.138,0.029,19.707,57.6999999999916,-129.800000000003,18,11/12/2024 3:00:00 AM,V0J 1K0,O3,-129.800000000003,57.6999999999916
7,0.406,2.681,11.486,0.135,0.024,20.222,57.6999999999916,-129.800000000003,19,11/12/2024 4:00:00 AM,V0J 1K0,O3,-129.800000000003,57.6999999999916
8,0.383,2.77,12.365,0.136,0.022,21.223,57.6999999999916,-129.800000000003,20,11/12/2024 5:00:00 AM,V0J 1K0,O3,-129.800000000003,57.6999999999916
9,0.361,3.003,13.035,0.138,0.02,22.384,57.6999999999916,-129.800000000003,21,11/12/2024 6:00:00 AM,V0J 1K0,O3,-129.800000000003,57.6999999999916
10,0.357,2.842,12.365,0.133,0.014,22.896,57.6999999999916,-129.800000000003,21,11/12/2024 7:00:00 AM,V0J 1K0,O3,-129.800000000003,57.6999999999916
11,0.333,2.833,12.365,0.134,0.012,22.971,57.6999999999916,-129.800000000003,21,11/12/2024 8:00:00 AM,V0J 1K0,O3,-129.800000000003,57.6999999999916
12,0.31,2.622,11.404,0.135,0.01,23.234,57.6999999999916,-129.800000000003,22,11/12/2024 9:00:00 AM,V0J 1K0,O3,-129.800000000003,57.6999999999916
13,0.228,2.57,11.026,0.13,0.01,22.878,57.6999999999916,-129.800000000003,21,11/12/2024 10:00:00 AM,V0J 1K0,O3,-129.800000000003,57.6999999999916
14,0.537,2.398,9.687,0.134,0.029,23.539,57.6999999999916,-129.800000000003,22,11/12/2024 11:00:00 AM,V0J 1K0,O3,-129.800000000003,57.6999999999916
15,0.516,2.319,9.687,0.135,0.026,22.577,57.6999999999916,-129.800000000003,21,11/12/2024 12:00:00 PM,V0J 1K0,O3,-129.800000000003,57.6999999999916
16,0.543,2.065,8.348,0.13,0.027,22.358,57.6999999999916,-129.800000000003,21,11/12/2024 1:00:00 PM,V0J 1K0,O3,-129.800000000003,57.6999999999916
17,0.518,1.848,7.678,0.132,0.024,22.357,57.6999999999916,-129.800000000003,21,11/12/2024 2:00:00 PM,V0J 1K0,O3,-129.800000000003,57.6999999999916
18,0.492,2.113,8.348,0.133,0.021,21.934,57.6999999999916,-129.800000000003,20,11/12/2024 3:00:00 PM,V0J 1K0,O3,-129.800000000003,57.6999999999916
19,0.992,2.621,11.026,0.133,0.016,21.538,57.6999999999916,-129.800000000003,20,11/12/2024 4:00:00 PM,V0J 1K0,O3,-129.800000000003,57.6999999999916
20,0.944,2.092,8.348,0.133,0.012,21.453,57.6999999999916,-129.800000000003,20,11/12/2024 5:00:00 PM,V0J 1K0,O3,-129.800000000003,57.6999999999916
21,0.897,1.888,7.678,0.134,0.008,23.147,57.6999999999916,-129.800000000003,21,11/12/2024 6:00:00 PM,V0J 1K0,O3,-129.800000000003,57.6999999999916
22,0.198,1.897,8.009,0.126,0.04,25.497,57.6999999999916,-129.800000000003,24,11/12/2024 7:00:00 PM,V0J 1K0,O3,-129.800000000003,57.6999999999916
23,0.178,1.87,7.339,0.126,0.038,26.746,57.6999999999916,-129.800000000003,25,11/12/2024 8:00:00 PM,V0J 1K0,O3,-129.800000000003,57.6999999999916
24,0.158,2.13,8.678,0.126,0.036,26.861,57.6999999999916,-129.800000000003,25,11/12/2024 9:00:00 PM,V0J 1K0,O3,-129.800000000003,57.6999999999916
25,0.398,1.784,7.339,0.125,0.035,26.165,57.6999999999916,-129.800000000003,24,11/12/2024 10:00:00 PM,V0J 1K0,O3,-129.800000000003,57.6999999999916
26,0.368,2.056,8.678,0.124,0.034,24.13,57.6999999999916,-129.800000000003,22,11/12/2024 11:00:00 PM,V0J 1K0,O3,-129.800000000003,57.6999999999916
27,0.202,2.38,10.017,0.132,0.019,22.561,57.6999999999916,-129.800000000003,21,11/13/2024 12:00:00 AM,V0J 1K0,O3,-129.800000000003,57.6999999999916
28,0.74,3.136,13.365,0.137,0.019,21.728,57.6999999999916,-129.800000000003,20,11/13/2024 1:00:00 AM,V0J 1K0,O3,-129.800000000003,57.6999999999916
29,0.681,3.141,13.365,0.136,0.018,21.101,57.6999999999916,-129.800000000003,20,11/13/2024 2:00:00 AM,V0J 1K0,O3,-129.800000000003,57.6999999999916
30,0.622,3.014,12.696,0.136,0.018,20.545,57.6999999999916,-129.800000000003,19,11/13/2024 3:00:00 AM,V0J 1K0,O3,-129.800000000003,57.6999999999916
31,0.655,3.005,12.696,0.137,0.019,20.432,57.6999999999916,-129.800000000003,19,11/13/2024 4:00:00 AM,V0J 1K0,O3,-129.800000000003,57.6999999999916
32,0.594,2.768,12.026,0.136,0.019,19.784,57.6999999999916,-129.800000000003,18,11/13/2024 5:00:00 AM,V0J 1K0,O3,-129.800000000003,57.6999999999916
33,0.533,3.053,13.365,0.135,0.018,19.954,57.6999999999916,-129.800000000003,18,11/13/2024 6:00:00 AM,V0J 1K0,O3,-129.800000000003,57.6999999999916
34,0.451,2.705,11.664,0.134,0.013,19.952,57.6999999999916,-129.800000000003,18,11/13/2024 7:00:00 AM,V0J 1K0,O3,-129.800000000003,57.6999999999916
35,0.405,2.647,11.357,0.133,0.012,19.514,57.6999999999916,-129.800000000003,18,11/13/2024 8:00:00 AM,V0J 1K0,O3,-129.800000000003,57.6999999999916
36,0.36,2.447,10.017,0.132,0.012,19.069,57.6999999999916,-129.800000000003,18,11/13/2024 9:00:00 AM,V0J 1K0,O3,-129.800000000003,57.6999999999916
37,0.221,2.227,8.678,0.131,0.012,19.03,57.6999999999916,-129.800000000003,18,11/13/2024 10:00:00 AM,V0J 1K0,O3,-129.800000000003,57.6999999999916
38,0.196,2.048,8.129,0.13,0.011,18.827,57.6999999999916,-129.800000000003,17,11/13/2024 11:00:00 AM,V0J 1K0,O3,-129.800000000003,57.6999999999916
39,0.171,2.046,8.386,0.13,0.01,19.22,57.6999999999916,-129.800000000003,18,11/13/2024 12:00:00 PM,V0J 1K0,O3,-129.800000000003,57.6999999999916
40,0.216,2.269,9.348,0.13,0.012,19.116,57.6999999999916,-129.800000000003,18,11/13/2024 1:00:00 PM,V0J 1K0,O3,-129.800000000003,57.6999999999916
41,0.174,2.049,8.009,0.126,0.01,18.952,57.6999999999916,-129.800000000003,18,11/13/2024 2:00:00 PM,V0J 1K0,O3,-129.800000000003,57.6999999999916
42,0.158,2.458,10.348,0.125,0.01,18.21,57.6999999999916,-129.800000000003,17,11/13/2024 3:00:00 PM,V0J 1K0,O3,-129.800000000003,57.6999999999916
43,0.341,2.333,9.678,0.126,0.015,17.724,57.6999999999916,-129.800000000003,16,11/13/2024 4:00:00 PM,V0J 1K0,O3,-129.800000000003,57.6999999999916
44,0.319,2.38,9.678,0.125,0.015,17.703,57.6999999999916,-129.800000000003,16,11/13/2024 5:00:00 PM,V0J 1K0,O3,-129.800000000003,57.6999999999916
45,0.298,2.327,9.678,0.125,0.015,18.629,57.6999999999916,-129.800000000003,17,11/13/2024 6:00:00 PM,V0J 1K0,O3,-129.800000000003,57.6999999999916
46,0.16,2.186,9.009,0.122,0.027,20.207,57.6999999999916,-129.800000000003,19,11/13/2024 7:00:00 PM,V0J 1K0,O3,-129.800000000003,57.6999999999916
47,0.145,2.17,9.009,0.121,0.027,21.014,57.6999999999916,-129.800000000003,19,11/13/2024 8:00:00 PM,V0J 1K0,O3,-129.800000000003,57.6999999999916
48,0.13,2.254,9.009,0.121,0.026,21.685,57.6999999999916,-129.800000000003,20,11/13/2024 9:00:00 PM,V0J 1K0,O3,-129.800000000003,57.6999999999916
49,0.2,2.056,8.339,0.121,0.027,21.116,57.6999999999916,-129.800000000003,20,11/13/2024 10:00:00 PM,V0J 1K0,O3,-129.800000000003,57.6999999999916
50,0.181,2.22,9.009,0.121,0.027,19.729,57.6999999999916,-129.800000000003,18,11/13/2024 11:00:00 PM,V0J 1K0,O3,-129.800000000003,57.6999999999916
51,0.161,2.916,13.026,0.12,0.026,18.23,57.6999999999916,-129.800000000003,17,11/14/2024 12:00:00 AM,V0J 1K0,O3,-129.800000000003,57.6999999999916
52,0.705,3.423,15.035,0.125,0.019,17.718,57.6999999999916,-129.800000000003,19,11/14/2024 1:00:00 AM,V0J 1K0,PM2.5,-129.800000000003,57.6999999999916
53,0.66,2.895,13.026,0.124,0.018,16.742,57.6999999999916,-129.800000000003,16,11/14/2024 2:00:00 AM,V0J 1K0,O3,-129.800000000003,57.6999999999916
54,0.614,2.857,12.357,0.124,0.017,16.085,57.6999999999916,-129.800000000003,16,11/14/2024 3:00:00 AM,V0J 1K0,PM2.5,-129.800000000003,57.6999999999916
55,0.767,2.915,13.026,0.126,0.022,15.682,57.6999999999916,-129.800000000003,16,11/14/2024 4:00:00 AM,V0J 1K0,PM2.5,-129.800000000003,57.6999999999916
56,0.713,3.139,13.696,0.125,0.021,16.331,57.6999999999916,-129.800000000003,17,11/14/2024 5:00:00 AM,V0J 1K0,PM2.5,-129.800000000003,57.6999999999916
57,0.66,3.227,14.073,0.125,0.019,16.747,57.6999999999916,-129.800000000003,18,11/14/2024 6:00:00 AM,V0J 1K0,PM2.5,-129.800000000003,57.6999999999916
58,0.609,3.125,13.696,0.126,0.017,16.028,57.6999999999916,-129.800000000003,17,11/14/2024 7:00:00 AM,V0J 1K0,PM2.5,-129.800000000003,57.6999999999916
59,0.559,3.093,13.404,0.125,0.016,14.596,57.6999999999916,-129.800000000003,17,11/14/2024 8:00:00 AM,V0J 1K0,PM2.5,-129.800000000003,57.6999999999916
60,0.509,2.737,11.995,0.124,0.014,13.688,57.6999999999916,-129.800000000003,15,11/14/2024 9:00:00 AM,V0J 1K0,PM2.5,-129.800000000003,57.6999999999916
61,0.366,2.32,9.678,0.125,0.016,13.928,57.6999999999916,-129.800000000003,13,11/14/2024 10:00:00 AM,V0J 1K0,O3,-129.800000000003,57.6999999999916
62,0.332,2.122,9.009,0.128,0.02,14.054,57.6999999999916,-129.800000000003,13,11/14/2024 11:00:00 AM,V0J 1K0,O3,-129.800000000003,57.6999999999916
63,0.305,1.954,8.339,0.129,0.019,15.301,57.6999999999916,-129.800000000003,14,11/14/2024 12:00:00 PM,V0J 1K0,O3,-129.800000000003,57.6999999999916
64,0.38,2.225,9.009,0.13,0.023,14.425,57.6999999999916,-129.800000000003,13,11/14/2024 1:00:00 PM,V0J 1K0,O3,-129.800000000003,57.6999999999916
65,0.358,2.065,8.317,0.131,0.022,13.076,57.6999999999916,-129.800000000003,12,11/14/2024 2:00:00 PM,V0J 1K0,O3,-129.800000000003,57.6999999999916
66,0.335,2.544,10.017,0.131,0.021,11.931,57.6999999999916,-129.800000000003,14,11/14/2024 3:00:00 PM,V0J 1K0,PM2.5,-129.800000000003,57.6999999999916
67,0.554,2.528,10.017,0.134,0.036,11.388,57.6999999999916,-129.800000000003,14,11/14/2024 4:00:00 PM,V0J 1K0,PM2.5,-129.800000000003,57.6999999999916
68,0.529,2.561,10.633,0.134,0.037,11.429,57.6999999999916,-129.800000000003,14,11/14/2024 5:00:00 PM,V0J 1K0,PM2.5,-129.800000000003,57.6999999999916
69,0.504,2.16,8.678,0.134,0.037,13.795,57.6999999999916,-129.800000000003,13,11/14/2024 6:00:00 PM,V0J 1K0,O3,-129.800000000003,57.6999999999916
70,0.334,1.966,8.009,0.133,0.043,13.416,57.6999999999916,-129.800000000003,12,11/14/2024 7:00:00 PM,V0J 1K0,O3,-129.800000000003,57.6999999999916
71,0.322,1.871,7.678,0.133,0.043,12.901,57.6999999999916,-129.800000000003,12,11/14/2024 8:00:00 PM,V0J 1K0,O3,-129.800000000003,57.6999999999916
72,0.31,1.652,6.939,0.133,0.042,12.878,57.6999999999916,-129.800000000003,12,11/14/2024 9:00:00 PM,V0J 1K0,O3,-129.800000000003,57.6999999999916
73,0.367,1.432,5.67,0.132,0.036,12.15,57.6999999999916,-129.800000000003,11,11/14/2024 10:00:00 PM,V0J 1K0,O3,-129.800000000003,57.6999999999916
74,0.391,1.717,7.009,0.132,0.034,11.018,57.6999999999916,-129.800000000003,10,11/14/2024 11:00:00 PM,V0J 1K0,O3,-129.800000000003,57.6999999999916
75,0.392,2.482,10.303,0.133,0.033,9.772,57.6999999999916,-129.800000000003,14,11/15/2024 12:00:00 AM,V0J 1K0,PM2.5,-129.800000000003,57.6999999999916
76,0.905,3.344,14.374,0.133,0.028,9.275,57.6999999999916,-129.800000000003,18,11/15/2024 1:00:00 AM,V0J 1K0,PM2.5,-129.800000000003,57.6999999999916
77,0.891,2.96,12.816,0.133,0.028,9.287,57.6999999999916,-129.800000000003,16,11/15/2024 2:00:00 AM,V0J 1K0,PM2.5,-129.800000000003,57.6999999999916
78,0.877,3.337,14.343,0.134,0.029,9.424,57.6999999999916,-129.800000000003,18,11/15/2024 3:00:00 AM,V0J 1K0,PM2.5,-129.800000000003,57.6999999999916
79,0.705,3.18,13.696,0.129,0.028,9.566,57.6999999999916,-129.800000000003,17,11/15/2024 4:00:00 AM,V0J 1K0,PM2.5,-129.800000000003,57.6999999999916
80,0.699,3.638,15.704,0.129,0.028,10.583,57.6999999999916,-129.800000000003,20,11/15/2024 5:00:00 AM,V0J 1K0,PM2.5,-129.800000000003,57.6999999999916
81,0.694,3.719,15.892,0.129,0.028,11.087,57.6999999999916,-129.800000000003,20,11/15/2024 6:00:00 AM,V0J 1K0,PM2.5,-129.800000000003,57.6999999999916
82,0.377,3.893,16.704,0.121,0.019,11.522,57.6999999999916,-129.800000000003,21,11/15/2024 7:00:00 AM,V0J 1K0,PM2.5,-129.800000000003,57.6999999999916
83,0.378,3.743,16.222,0.122,0.019,12.181,57.6999999999916,-129.800000000003,21,11/15/2024 8:00:00 AM,V0J 1K0,PM2.5,-129.800000000003,57.6999999999916
84,0.379,3.249,14.026,0.122,0.019,12.379,57.6999999999916,-129.800000000003,18,11/15/2024 9:00:00 AM,V0J 1K0,PM2.5,-129.800000000003,57.6999999999916
85,0.19,2.931,12.687,0.116,0.012,13.103,57.6999999999916,-129.800000000003,16,11/15/2024 10:00:00 AM,V0J 1K0,PM2.5,-129.800000000003,57.6999999999916
86,0.185,2.951,12.687,0.126,0.02,13.784,57.6999999999916,-129.800000000003,16,11/15/2024 11:00:00 AM,V0J 1K0,PM2.5,-129.800000000003,57.6999999999916
87,0.187,2.62,10.678,0.126,0.018,17.305,57.6999999999916,-129.800000000003,16,11/15/2024 12:00:00 PM,V0J 1K0,O3,-129.800000000003,57.6999999999916
88,0.142,2.992,13.357,0.124,0.028,18.022,57.6999999999916,-129.800000000003,17,11/15/2024 1:00:00 PM,V0J 1K0,O3,-129.800000000003,57.6999999999916
89,0.14,2.707,11.687,0.124,0.026,18.971,57.6999999999916,-129.800000000003,18,11/15/2024 2:00:00 PM,V0J 1K0,O3,-129.800000000003,57.6999999999916
90,0.138,2.821,12.357,0.124,0.025,18.581,57.6999999999916,-129.800000000003,17,11/15/2024 3:00:00 PM,V0J 1K0,O3,-129.800000000003,57.6999999999916
91,0.212,2.512,10.348,0.124,0.045,18.212,57.6999999999916,-129.800000000003,17,11/15/2024 4:00:00 PM,V0J 1K0,O3,-129.800000000003,57.6999999999916
92,0.2,2.259,9.009,0.124,0.043,17.656,57.6999999999916,-129.800000000003,16,11/15/2024 5:00:00 PM,V0J 1K0,O3,-129.800000000003,57.6999999999916
93,0.188,2.194,9.009,0.124,0.042,19.265,57.6999999999916,-129.800000000003,18,11/15/2024 6:00:00 PM,V0J 1K0,O3,-129.800000000003,57.6999999999916
94,0.129,2.216,9.009,0.122,0.112,22.692,57.6999999999916,-129.800000000003,21,11/15/2024 7:00:00 PM,V0J 1K0,O3,-129.800000000003,57.6999999999916
95,0.12,2.14,9.009,0.122,0.109,25.337,57.6999999999916,-129.800000000003,23,11/15/2024 8:00:00 PM,V0J 1K0,O3,-129.800000000003,57.6999999999916
96,0.112,2.121,9.009,0.122,0.106,25.587,57.6999999999916,-129.800000000003,24,11/15/2024 9:00:00 PM,V0J 1K0,O3,-129.800000000003,57.6999999999916
97,0.185,1.776,7.67,0.124,0.107,24.172,57.6999999999916,-129.800000000003,22,11/15/2024 10:00:00 PM,V0J 1K0,O3,-129.800000000003,57.6999999999916
98,0.172,2,8.339,0.124,0.104,22.856,57.6999999999916,-129.800000000003,21,11/15/2024 11:00:00 PM,V0J 1K0,O3,-129.800000000003,57.6999999999916
99,0.159,2.678,11.687,0.124,0.101,21.764,57.6999999999916,-129.800000000003,20,11/16/2024 12:00:00 AM,V0J 1K0,O3,-129.800000000003,57.6999999999916
100,0.253,3.22,14.073,0.126,0.09,21.456,57.6999999999916,-129.800000000003,20,11/16/2024 1:00:00 AM,V0J 1K0,O3,-129.800000000003,57.6999999999916
101,0.225,2.918,13.026,0.127,0.093,21.738,57.6999999999916,-129.800000000003,20,11/16/2024 2:00:00 AM,V0J 1K0,O3,-129.800000000003,57.6999999999916
102,0.2,2.982,13.026,0.127,0.095,22.112,57.6999999999916,-129.800000000003,20,11/16/2024 3:00:00 AM,V0J 1K0,O3,-129.800000000003,57.6999999999916
103,0.219,2.955,13.287,0.128,0.087,21.46,57.6999999999916,-129.800000000003,20,11/16/2024 4:00:00 AM,V0J 1K0,O3,-129.800000000003,57.6999999999916
104,0.201,3.185,13.696,0.128,0.085,22.043,57.6999999999916,-129.800000000003,20,11/16/2024 5:00:00 AM,V0J 1K0,O3,-129.800000000003,57.6999999999916
105,0.182,2.905,12.357,0.128,0.083,22.67,57.6999999999916,-129.800000000003,21,11/16/2024 6:00:00 AM,V0J 1K0,O3,-129.800000000003,57.6999999999916
106,0.184,3.021,13.026,0.128,0.079,22.453,57.6999999999916,-129.800000000003,21,11/16/2024 7:00:00 AM,V0J 1K0,O3,-129.800000000003,57.6999999999916
107,0.173,2.759,11.687,0.128,0.076,23.112,57.6999999999916,-129.800000000003,21,11/16/2024 8:00:00 AM,V0J 1K0,O3,-129.800000000003,57.6999999999916
108,0.162,2.209,9.009,0.127,0.072,23.394,57.6999999999916,-129.800000000003,22,11/16/2024 9:00:00 AM,V0J 1K0,O3,-129.800000000003,57.6999999999916
109,0.135,2.199,9.009,0.127,0.073,22.959,57.6999999999916,-129.800000000003,21,11/16/2024 10:00:00 AM,V0J 1K0,O3,-129.800000000003,57.6999999999916
110,0.129,2.468,10.348,0.127,0.072,20.901,57.6999999999916,-129.800000000003,19,11/16/2024 11:00:00 AM,V0J 1K0,O3,-129.800000000003,57.6999999999916
111,0.137,2.248,8.748,0.138,0.067,21.223,57.6999999999916,-129.800000000003,20,11/16/2024 12:00:00 PM,V0J 1K0,O3,-129.800000000003,57.6999999999916
112,0.204,2.363,9.348,0.138,0.073,21.963,57.6999999999916,-129.800000000003,20,11/16/2024 1:00:00 PM,V0J 1K0,O3,-129.800000000003,57.6999999999916
113,0.196,2.185,8.678,0.139,0.072,21.591,57.6999999999916,-129.800000000003,20,11/16/2024 2:00:00 PM,V0J 1K0,O3,-129.800000000003,57.6999999999916
114,0.188,2.417,10.017,0.139,0.07,21.102,57.6999999999916,-129.800000000003,20,11/16/2024 3:00:00 PM,V0J 1K0,O3,-129.800000000003,57.6999999999916
115,0.44,2.591,10.348,0.139,0.073,19.588,57.6999999999916,-129.800000000003,18,11/16/2024 4:00:00 PM,V0J 1K0,O3,-129.800000000003,57.6999999999916
116,0.414,2.143,8.678,0.139,0.073,18.762,57.6999999999916,-129.800000000003,17,11/16/2024 5:00:00 PM,V0J 1K0,O3,-129.800000000003,57.6999999999916
117,0.388,1.982,8.339,0.14,0.073,19.132,57.6999999999916,-129.800000000003,18,11/16/2024 6:00:00 PM,V0J 1K0,O3,-129.800000000003,57.6999999999916
118,0.214,2.063,8.339,0.134,0.077,20.179,57.6999999999916,-129.800000000003,19,11/16/2024 7:00:00 PM,V0J 1K0,O3,-129.800000000003,57.6999999999916
119,0.199,2.002,8.339,0.134,0.078,21.594,57.6999999999916,-129.800000000003,20,11/16/2024 8:00:00 PM,V0J 1K0,O3,-129.800000000003,57.6999999999916
120,0.185,1.949,7.67,0.134,0.079,22.229,57.6999999999916,-129.800000000003,21,11/16/2024 9:00:00 PM,V0J 1K0,O3,-129.800000000003,57.6999999999916
121,0.366,1.763,7.479,0.134,0.058,22.326,57.6999999999916,-129.800000000003,21,11/16/2024 10:00:00 PM,V0J 1K0,O3,-129.800000000003,57.6999999999916
122,0.355,1.958,7.67,0.132,0.057,21.753,57.6999999999916,-129.800000000003,20,11/16/2024 11:00:00 PM,V0J 1K0,O3,-129.800000000003,57.6999999999916
123,0.334,2.639,11.307,0.132,0.055,21.153,57.6999999999916,-129.800000000003,20,11/17/2024 12:00:00 AM,V0J 1K0,O3,-129.800000000003,57.6999999999916
124,0.896,2.953,13.026,0.136,0.053,21.31,57.6999999999916,-129.800000000003,20,11/17/2024 1:00:00 AM,V0J 1K0,O3,-129.800000000003,57.6999999999916
125,0.841,2.936,13.026,0.136,0.051,22.245,57.6999999999916,-129.800000000003,21,11/17/2024 2:00:00 AM,V0J 1K0,O3,-129.800000000003,57.6999999999916
126,0.785,2.878,12.649,0.136,0.048,23.084,57.6999999999916,-129.800000000003,21,11/17/2024 3:00:00 AM,V0J 1K0,O3,-129.800000000003,57.6999999999916
127,0.959,3.237,14.365,0.139,0.053,23.636,57.6999999999916,-129.800000000003,22,11/17/2024 4:00:00 AM,V0J 1K0,O3,-129.800000000003,57.6999999999916
128,0.906,3.706,16.374,0.138,0.049,23.868,57.6999999999916,-129.800000000003,22,11/17/2024 5:00:00 AM,V0J 1K0,O3,-129.800000000003,57.6999999999916
129,0.853,3.372,15.035,0.138,0.045,22.967,57.6999999999916,-129.800000000003,21,11/17/2024 6:00:00 AM,V0J 1K0,O3,-129.800000000003,57.6999999999916
130,0.693,3.219,13.883,0.138,0.051,21.776,57.6999999999916,-129.800000000003,20,11/17/2024 7:00:00 AM,V0J 1K0,O3,-129.800000000003,57.6999999999916
131,0.658,3.209,13.696,0.138,0.048,21.79,57.6999999999916,-129.800000000003,20,11/17/2024 8:00:00 AM,V0J 1K0,O3,-129.800000000003,57.6999999999916
132,0.623,2.956,13.026,0.137,0.045,21.596,57.6999999999916,-129.800000000003,20,11/17/2024 9:00:00 AM,V0J 1K0,O3,-129.800000000003,57.6999999999916
133,0.367,3.014,13.026,0.137,0.05,21.174,57.6999999999916,-129.800000000003,20,11/17/2024 10:00:00 AM,V0J 1K0,O3,-129.800000000003,57.6999999999916
134,0.324,3.161,13.696,0.131,0.012,21.053,57.6999999999916,-129.800000000003,19,11/17/2024 11:00:00 AM,V0J 1K0,O3,-129.800000000003,57.6999999999916
135,0.294,2.908,12.357,0.131,0.009,20.652,57.6999999999916,-129.800000000003,19,11/17/2024 12:00:00 PM,V0J 1K0,O3,-129.800000000003,57.6999999999916
136,0.342,2.711,11.687,0.132,0.02,20.844,57.6999999999916,-129.800000000003,19,11/17/2024 1:00:00 PM,V0J 1K0,O3,-129.800000000003,57.6999999999916
137,0.316,2.706,11.687,0.132,0.018,21.508,57.6999999999916,-129.800000000003,20,11/17/2024 2:00:00 PM,V0J 1K0,O3,-129.800000000003,57.6999999999916
138,0.29,2.999,13.357,0.132,0.016,21.68,57.6999999999916,-129.800000000003,20,11/17/2024 3:00:00 PM,V0J 1K0,O3,-129.800000000003,57.6999999999916
139,0.685,2.983,13.357,0.136,0.025,21.921,57.6999999999916,-129.800000000003,20,11/17/2024 4:00:00 PM,V0J 1K0,O3,-129.800000000003,57.6999999999916
140,0.651,2.586,10.678,0.136,0.023,21.921,57.6999999999916,-129.800000000003,20,11/17/2024 5:00:00 PM,V0J 1K0,O3,-129.800000000003,57.6999999999916
141,0.616,2.402,9.678,0.136,0.022,23.402,57.6999999999916,-129.800000000003,22,11/17/2024 6:00:00 PM,V0J 1K0,O3,-129.800000000003,57.6999999999916
142,0.299,2.458,10.348,0.133,0.05,25.728,57.6999999999916,-129.800000000003,24,11/17/2024 7:00:00 PM,V0J 1K0,O3,-129.800000000003,57.6999999999916
143,0.282,2.339,9.678,0.133,0.048,26.849,57.6999999999916,-129.800000000003,25,11/17/2024 8:00:00 PM,V0J 1K0,O3,-129.800000000003,57.6999999999916
144,0.266,2.058,8.371,0.133,0.045,26.286,57.6999999999916,-129.800000000003,24,11/17/2024 9:00:00 PM,V0J 1K0,O3,-129.800000000003,57.6999999999916
145,0.431,1.879,7.339,0.131,0.073,24.735,57.6999999999916,-129.800000000003,23,11/17/2024 10:00:00 PM,V0J 1K0,O3,-129.800000000003,57.6999999999916
146,0.504,1.969,8.009,0.132,0.076,22.793,57.6999999999916,-129.800000000003,21,11/17/2024 11:00:00 PM,V0J 1K0,O3,-129.800000000003,57.6999999999916
147,0.472,2.5,10.017,0.131,0.077,21.119,57.6999999999916,-129.800000000003,20,11/18/2024 12:00:00 AM,V0J 1K0,O3,-129.800000000003,57.6999999999916
148,1.301,3.329,14.514,0.138,0.072,19.6,57.6999999999916,-129.800000000003,18,11/18/2024 1:00:00 AM,V0J 1K0,O3,-129.800000000003,57.6999999999916
149,1.231,3.364,14.704,0.137,0.07,19.458,57.6999999999916,-129.800000000003,18,11/18/2024 2:00:00 AM,V0J 1K0,O3,-129.800000000003,57.6999999999916
150,1.161,4.067,17.052,0.136,0.068,20.262,57.6999999999916,-129.800000000003,22,11/18/2024 3:00:00 AM,V0J 1K0,PM2.5,-129.800000000003,57.6999999999916
151,1.189,3.487,15.044,0.137,0.075,21.025,57.6999999999916,-129.800000000003,19,11/18/2024 4:00:00 AM,V0J 1K0,O3,-129.800000000003,57.6999999999916
152,1.122,3.629,15.713,0.136,0.072,21.381,57.6999999999916,-129.800000000003,20,11/18/2024 5:00:00 AM,V0J 1K0,O3,-129.800000000003,57.6999999999916
153,1.054,3.188,13.704,0.135,0.068,21.961,57.6999999999916,-129.800000000003,20,11/18/2024 6:00:00 AM,V0J 1K0,O3,-129.800000000003,57.6999999999916
154,0.792,3.128,13.704,0.132,0.068,22.217,57.6999999999916,-129.800000000003,21,11/18/2024 7:00:00 AM,V0J 1K0,O3,-129.800000000003,57.6999999999916
155,0.736,2.964,13.035,0.132,0.061,22.105,57.6999999999916,-129.800000000003,20,11/18/2024 8:00:00 AM,V0J 1K0,O3,-129.800000000003,57.6999999999916
156,0.68,3.06,13.704,0.131,0.055,22.099,57.6999999999916,-129.800000000003,20,11/18/2024 9:00:00 AM,V0J 1K0,O3,-129.800000000003,57.6999999999916
157,0.426,2.693,11.365,0.128,0.044,21.997,57.6999999999916,-129.800000000003,20,11/18/2024 10:00:00 AM,V0J 1K0,O3,-129.800000000003,57.6999999999916
158,0.413,2.479,10.696,0.131,0.029,22.123,57.6999999999916,-129.800000000003,20,11/18/2024 11:00:00 AM,V0J 1K0,O3,-129.800000000003,57.6999999999916
159,0.369,2.248,9.309,0.13,0.024,20.688,57.6999999999916,-129.800000000003,19,11/18/2024 12:00:00 PM,V0J 1K0,O3,-129.800000000003,57.6999999999916
160,0.395,2.298,9.687,0.129,0.032,20.546,57.6999999999916,-129.800000000003,19,11/18/2024 1:00:00 PM,V0J 1K0,O3,-129.800000000003,57.6999999999916
161,0.359,2.074,8.348,0.129,0.028,20.264,57.6999999999916,-129.800000000003,19,11/18/2024 2:00:00 PM,V0J 1K0,O3,-129.800000000003,57.6999999999916
162,0.323,1.949,8.227,0.128,0.023,20.223,57.6999999999916,-129.800000000003,19,11/18/2024 3:00:00 PM,V0J 1K0,O3,-129.800000000003,57.6999999999916
163,0.61,2.163,9.017,0.13,0.033,19.776,57.6999999999916,-129.800000000003,18,11/18/2024 4:00:00 PM,V0J 1K0,O3,-129.800000000003,57.6999999999916
164,0.564,2.283,9.379,0.13,0.029,19.198,57.6999999999916,-129.800000000003,18,11/18/2024 5:00:00 PM,V0J 1K0,O3,-129.800000000003,57.6999999999916
165,0.518,1.678,6.678,0.129,0.026,21.472,57.6999999999916,-129.800000000003,20,11/18/2024 6:00:00 PM,V0J 1K0,O3,-129.800000000003,57.6999999999916
166,0.236,1.828,7.348,0.125,0.053,22.333,57.6999999999916,-129.800000000003,21,11/18/2024 7:00:00 PM,V0J 1K0,O3,-129.800000000003,57.6999999999916
167,0.215,1.649,7.009,0.125,0.05,23.621,57.6999999999916,-129.800000000003,22,11/18/2024 8:00:00 PM,V0J 1K0,O3,-129.800000000003,57.6999999999916
168,0.193,1.479,6.339,0.125,0.047,23.453,57.6999999999916,-129.800000000003,22,11/18/2024 9:00:00 PM,V0J 1K0,O3,-129.800000000003,57.6999999999916
169,0.406,1.357,5.67,0.126,0.06,23.291,57.6999999999916,-129.800000000003,22,11/18/2024 10:00:00 PM,V0J 1K0,O3,-129.800000000003,57.6999999999916
170,0.316,1.512,6.339,0.125,0.049,21.317,57.6999999999916,-129.800000000003,20,11/18/2024 11:00:00 PM,V0J 1K0,O3,-129.800000000003,57.6999999999916
171,0.292,1.847,7.678,0.125,0.043,19.648,57.6999999999916,-129.800000000003,18,11/19/2024 12:00:00 AM,V0J 1K0,O3,-129.800000000003,57.6999999999916
172,1.001,2.37,9.687,0.132,0.043,18.034,57.6999999999916,-129.800000000003,17,11/19/2024 1:00:00 AM,V0J 1K0,O3,-129.800000000003,57.6999999999916
173,0.955,2.447,9.827,0.131,0.04,17.281,57.6999999999916,-129.800000000003,16,11/19/2024 2:00:00 AM,V0J 1K0,O3,-129.800000000003,57.6999999999916
174,0.91,2.731,12.073,0.131,0.036,16.479,57.6999999999916,-129.800000000003,15,11/19/2024 3:00:00 AM,V0J 1K0,O3,-129.800000000003,57.6999999999916
175,1.045,2.969,13.035,0.134,0.035,16.917,57.6999999999916,-129.800000000003,16,11/19/2024 4:00:00 AM,V0J 1K0,O3,-129.800000000003,57.6999999999916
176,0.996,3.094,13.343,0.133,0.033,17.376,57.6999999999916,-129.800000000003,17,11/19/2024 5:00:00 AM,V0J 1K0,PM2.5,-129.800000000003,57.6999999999916
177,0.947,3.01,13.035,0.132,0.031,17.71,57.6999999999916,-129.800000000003,17,11/19/2024 6:00:00 AM,V0J 1K0,PM2.5,-129.800000000003,57.6999999999916
178,0.826,3.127,13.704,0.133,0.018,18.378,57.6999999999916,-129.800000000003,17,11/19/2024 7:00:00 AM,V0J 1K0,O3,-129.800000000003,57.6999999999916
179,0.782,2.799,12.365,0.132,0.019,18.487,57.6999999999916,-129.800000000003,17,11/19/2024 8:00:00 AM,V0J 1K0,O3,-129.800000000003,57.6999999999916
180,0.737,2.699,11.696,0.131,0.021,18.439,57.6999999999916,-129.800000000003,17,11/19/2024 9:00:00 AM,V0J 1K0,O3,-129.800000000003,57.6999999999916
181,0.516,2.384,9.687,0.131,0.017,17.293,57.6999999999916,-129.800000000003,16,11/19/2024 10:00:00 AM,V0J 1K0,O3,-129.800000000003,57.6999999999916
182,0.426,2.095,8.348,0.134,0.014,16.11,57.6999999999916,-129.800000000003,15,11/19/2024 11:00:00 AM,V0J 1K0,O3,-129.800000000003,57.6999999999916
183,0.392,1.741,7.009,0.133,0.013,15.916,57.6999999999916,-129.800000000003,15,11/19/2024 12:00:00 PM,V0J 1K0,O3,-129.800000000003,57.6999999999916
184,0.383,1.55,6.339,0.135,0.015,14.447,57.6999999999916,-129.800000000003,13,11/19/2024 1:00:00 PM,V0J 1K0,O3,-129.800000000003,57.6999999999916
185,0.351,1.977,8.348,0.134,0.015,12.712,57.6999999999916,-129.800000000003,12,11/19/2024 2:00:00 PM,V0J 1K0,O3,-129.800000000003,57.6999999999916
186,0.32,1.968,8.348,0.133,0.014,11.654,57.6999999999916,-129.800000000003,11,11/19/2024 3:00:00 PM,V0J 1K0,O3,-129.800000000003,57.6999999999916
187,0.513,2.135,8.725,0.137,0.017,10.9,57.6999999999916,-129.800000000003,12,11/19/2024 4:00:00 PM,V0J 1K0,PM2.5,-129.800000000003,57.6999999999916
188,0.479,2.503,11.026,0.136,0.016,9.268,57.6999999999916,-129.800000000003,14,11/19/2024 5:00:00 PM,V0J 1K0,PM2.5,-129.800000000003,57.6999999999916
189,0.445,1.873,7.678,0.135,0.015,9.872,57.6999999999916,-129.800000000003,10,11/19/2024 6:00:00 PM,V0J 1K0,PM2.5,-129.800000000003,57.6999999999916
190,0.225,1.707,7.009,0.136,0.028,10.032,57.6999999999916,-129.800000000003,9,11/19/2024 7:00:00 PM,V0J 1K0,O3,-129.800000000003,57.6999999999916
191,0.205,1.652,7.009,0.135,0.027,11.383,57.6999999999916,-129.800000000003,11,11/19/2024 8:00:00 PM,V0J 1K0,O3,-129.800000000003,57.6999999999916
192,0.185,1.644,7.009,0.135,0.026,11.844,57.6999999999916,-129.800000000003,11,11/19/2024 9:00:00 PM,V0J 1K0,O3,-129.800000000003,57.6999999999916
241,0.315,1.464,6.009,0.136,0.022,11.396,57.6999999999916,-129.800000000003,11,11/20/2024 12:00:00 AM,V0J 1K0,O3,-129.800000000003,57.6999999999916
242,0.708,1.486,6.009,0.139,0.021,11.294,57.6999999999916,-129.800000000003,10,11/20/2024 1:00:00 AM,V0J 1K0,O3,-129.800000000003,57.6999999999916
243,0.665,1.961,8.017,0.138,0.02,12.144,57.6999999999916,-129.800000000003,11,11/20/2024 2:00:00 AM,V0J 1K0,O3,-129.800000000003,57.6999999999916
244,0.622,1.642,6.678,0.138,0.019,11.922,57.6999999999916,-129.800000000003,11,11/20/2024 3:00:00 AM,V0J 1K0,O3,-129.800000000003,57.6999999999916
245,0.573,1.585,6.678,0.137,0.009,11.965,57.6999999999916,-129.800000000003,11,11/20/2024 4:00:00 AM,V0J 1K0,O3,-129.800000000003,57.6999999999916
246,0.534,1.603,6.678,0.136,0.008,11.939,57.6999999999916,-129.800000000003,11,11/20/2024 5:00:00 AM,V0J 1K0,O3,-129.800000000003,57.6999999999916
247,0.495,1.657,6.348,0.136,0.007,12.583,57.6999999999916,-129.800000000003,12,11/20/2024 6:00:00 AM,V0J 1K0,O3,-129.800000000003,57.6999999999916
248,0.408,1.576,6.348,0.134,0.009,12.814,57.6999999999916,-129.800000000003,12,11/20/2024 7:00:00 AM,V0J 1K0,O3,-129.800000000003,57.6999999999916
249,0.377,1.423,5.678,0.133,0.008,13.715,57.6999999999916,-129.800000000003,13,11/20/2024 8:00:00 AM,V0J 1K0,O3,-129.800000000003,57.6999999999916
250,0.347,1.32,5.678,0.133,0.007,14.471,57.6999999999916,-129.800000000003,13,11/20/2024 9:00:00 AM,V0J 1K0,O3,-129.800000000003,57.6999999999916
251,0.231,1.167,4.678,0.131,0.012,14.895,57.6999999999916,-129.800000000003,14,11/20/2024 10:00:00 AM,V0J 1K0,O3,-129.800000000003,57.6999999999916
252,0.194,0.978,4.009,0.124,0.009,16.165,57.6999999999916,-129.800000000003,15,11/20/2024 11:00:00 AM,V0J 1K0,O3,-129.800000000003,57.6999999999916
253,0.175,0.937,4.009,0.124,0.008,18.389,57.6999999999916,-129.800000000003,17,11/20/2024 12:00:00 PM,V0J 1K0,O3,-129.800000000003,57.6999999999916
254,0.192,0.861,3.339,0.125,0.015,18.134,57.6999999999916,-129.800000000003,17,11/20/2024 1:00:00 PM,V0J 1K0,O3,-129.800000000003,57.6999999999916
255,0.177,0.97,4.009,0.124,0.014,18.294,57.6999999999916,-129.800000000003,17,11/20/2024 2:00:00 PM,V0J 1K0,O3,-129.800000000003,57.6999999999916
256,0.163,1.254,5.348,0.124,0.013,18.855,57.6999999999916,-129.800000000003,17,11/20/2024 3:00:00 PM,V0J 1K0,O3,-129.800000000003,57.6999999999916
257,0.366,1.362,6.017,0.128,0.02,19.368,57.6999999999916,-129.800000000003,18,11/20/2024 4:00:00 PM,V0J 1K0,O3,-129.800000000003,57.6999999999916
258,0.348,1.32,5.348,0.127,0.019,20.125,57.6999999999916,-129.800000000003,19,11/20/2024 5:00:00 PM,V0J 1K0,O3,-129.800000000003,57.6999999999916
259,0.33,1.071,4.009,0.127,0.018,23.905,57.6999999999916,-129.800000000003,22,11/20/2024 6:00:00 PM,V0J 1K0,O3,-129.800000000003,57.6999999999916
260,0.182,1.283,5.348,0.128,0.031,25.106,57.6999999999916,-129.800000000003,23,11/20/2024 7:00:00 PM,V0J 1K0,O3,-129.800000000003,57.6999999999916
261,0.169,1.038,4.009,0.128,0.03,25.801,57.6999999999916,-129.800000000003,24,11/20/2024 8:00:00 PM,V0J 1K0,O3,-129.800000000003,57.6999999999916
262,0.156,0.808,3.339,0.128,0.029,26.359,57.6999999999916,-129.800000000003,24,11/20/2024 9:00:00 PM,V0J 1K0,O3,-129.800000000003,57.6999999999916
263,0.313,0.801,3.339,0.13,0.032,26.917,57.6999999999916,-129.800000000003,25,11/20/2024 10:00:00 PM,V0J 1K0,O3,-129.800000000003,57.6999999999916
264,0.299,1.125,4.678,0.131,0.03,25.967,57.6999999999916,-129.800000000003,24,11/20/2024 11:00:00 PM,V0J 1K0,O3,-129.800000000003,57.6999999999916
265,0.276,1.185,4.678,0.131,0.029,24.497,57.6999999999916,-129.800000000003,23,11/21/2024 12:00:00 AM,V0J 1K0,O3,-129.800000000003,57.6999999999916
266,0.749,1.208,4.678,0.135,0.028,23.321,57.6999999999916,-129.800000000003,22,11/21/2024 1:00:00 AM,V0J 1K0,O3,-129.800000000003,57.6999999999916
267,0.707,1.678,6.687,0.135,0.026,22.607,57.6999999999916,-129.800000000003,21,11/21/2024 2:00:00 AM,V0J 1K0,O3,-129.800000000003,57.6999999999916
268,0.665,1.622,6.687,0.135,0.024,22.017,57.6999999999916,-129.800000000003,20,11/21/2024 3:00:00 AM,V0J 1K0,O3,-129.800000000003,57.6999999999916
269,0.644,1.493,6.017,0.135,0.026,21.338,57.6999999999916,-129.800000000003,20,11/21/2024 4:00:00 AM,V0J 1K0,O3,-129.800000000003,57.6999999999916
270,0.602,1.581,6.395,0.135,0.024,20.559,57.6999999999916,-129.800000000003,19,11/21/2024 5:00:00 AM,V0J 1K0,O3,-129.800000000003,57.6999999999916
271,0.56,1.896,7.357,0.135,0.023,20.312,57.6999999999916,-129.800000000003,19,11/21/2024 6:00:00 AM,V0J 1K0,O3,-129.800000000003,57.6999999999916
272,0.473,1.939,8.026,0.134,0.022,19.711,57.6999999999916,-129.800000000003,18,11/21/2024 7:00:00 AM,V0J 1K0,O3,-129.800000000003,57.6999999999916
273,0.437,1.8,7.357,0.134,0.021,19.943,57.6999999999916,-129.800000000003,18,11/21/2024 8:00:00 AM,V0J 1K0,O3,-129.800000000003,57.6999999999916
274,0.401,2.165,8.696,0.134,0.019,19.86,57.6999999999916,-129.800000000003,18,11/21/2024 9:00:00 AM,V0J 1K0,O3,-129.800000000003,57.6999999999916
275,0.29,1.826,7.357,0.133,0.019,20.365,57.6999999999916,-129.800000000003,19,11/21/2024 10:00:00 AM,V0J 1K0,O3,-129.800000000003,57.6999999999916
276,0.293,1.527,6.017,0.14,0.019,20.978,57.6999999999916,-129.800000000003,19,11/21/2024 11:00:00 AM,V0J 1K0,O3,-129.800000000003,57.6999999999916
277,0.268,1.374,5.348,0.14,0.017,20.878,57.6999999999916,-129.800000000003,19,11/21/2024 12:00:00 PM,V0J 1K0,O3,-129.800000000003,57.6999999999916
278,0.312,1.32,5.348,0.14,0.022,20.973,57.6999999999916,-129.800000000003,19,11/21/2024 1:00:00 PM,V0J 1K0,O3,-129.800000000003,57.6999999999916
279,0.29,1.821,7.357,0.14,0.02,20.826,57.6999999999916,-129.800000000003,19,11/21/2024 2:00:00 PM,V0J 1K0,O3,-129.800000000003,57.6999999999916
280,0.268,1.991,8.026,0.14,0.019,20.276,57.6999999999916,-129.800000000003,19,11/21/2024 3:00:00 PM,V0J 1K0,O3,-129.800000000003,57.6999999999916
281,0.528,1.701,6.687,0.143,0.027,19.52,57.6999999999916,-129.800000000003,18,11/21/2024 4:00:00 PM,V0J 1K0,O3,-129.800000000003,57.6999999999916
282,0.497,1.56,6.348,0.142,0.026,18.692,57.6999999999916,-129.800000000003,17,11/21/2024 5:00:00 PM,V0J 1K0,O3,-129.800000000003,57.6999999999916
283,0.465,1.344,5.678,0.142,0.025,20.805,57.6999999999916,-129.800000000003,19,11/21/2024 6:00:00 PM,V0J 1K0,O3,-129.800000000003,57.6999999999916
284,0.311,1.599,6.348,0.141,0.041,22.542,57.6999999999916,-129.800000000003,21,11/21/2024 7:00:00 PM,V0J 1K0,O3,-129.800000000003,57.6999999999916
285,0.293,1.635,6.678,0.14,0.041,23.806,57.6999999999916,-129.800000000003,22,11/21/2024 8:00:00 PM,V0J 1K0,O3,-129.800000000003,57.6999999999916
286,0.275,1.567,6.678,0.14,0.04,24.227,57.6999999999916,-129.800000000003,22,11/21/2024 9:00:00 PM,V0J 1K0,O3,-129.800000000003,57.6999999999916
287,0.572,1.6,6.678,0.141,0.05,24.164,57.6999999999916,-129.800000000003,22,11/21/2024 10:00:00 PM,V0J 1K0,O3,-129.800000000003,57.6999999999916
288,0.555,1.599,6.678,0.142,0.049,23.366,57.6999999999916,-129.800000000003,22,11/21/2024 11:00:00 PM,V0J 1K0,O3,-129.800000000003,57.6999999999916
289,0.185,1.644,7.009,0.135,0.026,11.844,57.6999999999916,-129.800000000003,22,11/19/2024 10:00:00 PM,V0J 1K0,O3,-129.800000000003,57.6999999999916
290,0.315,1.464,6.009,0.136,0.022,11.396,57.6999999999916,-129.800000000003,22,11/19/2024 11:00:00 PM,V0J 1K0,O3,-129.800000000003,57.6999999999916
291,0.525,1.802,7.348,0.142,0.048,22.659,57.6999999999916,-129.800000000003,21,11/22/2024 12:00:00 AM,V0J 1K0,O3,-129.800000000003,57.6999999999916
292,1.251,2.23,9.357,0.148,0.051,22.212,57.6999999999916,-129.800000000003,21,11/22/2024 1:00:00 AM,V0J 1K0,O3,-129.800000000003,57.6999999999916
293,1.193,2.335,9.357,0.147,0.05,21.711,57.6999999999916,-129.800000000003,20,11/22/2024 2:00:00 AM,V0J 1K0,O3,-129.800000000003,57.6999999999916
294,1.136,2.424,10.696,0.146,0.048,21.651,57.6999999999916,-129.800000000003,20,11/22/2024 3:00:00 AM,V0J 1K0,O3,-129.800000000003,57.6999999999916
295,0.97,2.315,9.357,0.145,0.054,21.582,57.6999999999916,-129.800000000003,20,11/22/2024 4:00:00 AM,V0J 1K0,O3,-129.800000000003,57.6999999999916
296,0.916,2.64,11.365,0.145,0.052,21.565,57.6999999999916,-129.800000000003,20,11/22/2024 5:00:00 AM,V0J 1K0,O3,-129.800000000003,57.6999999999916
297,0.861,2.781,12.035,0.144,0.05,21.94,57.6999999999916,-129.800000000003,20,11/22/2024 6:00:00 AM,V0J 1K0,O3,-129.800000000003,57.6999999999916
298,0.892,2.762,12.035,0.145,0.055,22.119,57.6999999999916,-129.800000000003,20,11/22/2024 7:00:00 AM,V0J 1K0,O3,-129.800000000003,57.6999999999916
299,0.847,2.308,9.357,0.144,0.053,22.54,57.6999999999916,-129.800000000003,21,11/22/2024 8:00:00 AM,V0J 1K0,O3,-129.800000000003,57.6999999999916
300,0.802,2.65,11.365,0.143,0.051,22.626,57.6999999999916,-129.800000000003,21,11/22/2024 9:00:00 AM,V0J 1K0,O3,-129.800000000003,57.6999999999916
301,0.662,2.269,9.357,0.143,0.054,22.87,57.6999999999916,-129.800000000003,21,11/22/2024 10:00:00 AM,V0J 1K0,O3,-129.800000000003,57.6999999999916
302,0.714,1.898,7.725,0.143,0.046,23.214,57.6999999999916,-129.800000000003,21,11/22/2024 11:00:00 AM,V0J 1K0,O3,-129.800000000003,57.6999999999916
303,0.677,1.932,8.348,0.141,0.042,23.244,57.6999999999916,-129.800000000003,22,11/22/2024 12:00:00 PM,V0J 1K0,O3,-129.800000000003,57.6999999999916
304,0.626,2.185,9.017,0.141,0.05,23.386,57.6999999999916,-129.800000000003,22,11/22/2024 1:00:00 PM,V0J 1K0,O3,-129.800000000003,57.6999999999916
305,0.593,2.131,9.017,0.14,0.046,23.423,57.6999999999916,-129.800000000003,22,11/22/2024 2:00:00 PM,V0J 1K0,O3,-129.800000000003,57.6999999999916
306,0.56,2.353,9.687,0.139,0.041,23.059,57.6999999999916,-129.800000000003,21,11/22/2024 3:00:00 PM,V0J 1K0,O3,-129.800000000003,57.6999999999916
307,0.856,2.355,9.687,0.143,0.054,22.337,57.6999999999916,-129.800000000003,21,11/22/2024 4:00:00 PM,V0J 1K0,O3,-129.800000000003,57.6999999999916
308,0.816,2.102,8.468,0.142,0.051,21.738,57.6999999999916,-129.800000000003,20,11/22/2024 5:00:00 PM,V0J 1K0,O3,-129.800000000003,57.6999999999916
309,0.777,2.025,8.348,0.141,0.047,23.22,57.6999999999916,-129.800000000003,21,11/22/2024 6:00:00 PM,V0J 1K0,O3,-129.800000000003,57.6999999999916
310,0.347,2.179,9.017,0.134,0.07,23.945,57.6999999999916,-129.800000000003,22,11/22/2024 7:00:00 PM,V0J 1K0,O3,-129.800000000003,57.6999999999916
311,0.324,2.046,8.348,0.133,0.069,24.486,57.6999999999916,-129.800000000003,23,11/22/2024 8:00:00 PM,V0J 1K0,O3,-129.800000000003,57.6999999999916
312,0.3,2.122,8.348,0.132,0.068,24.497,57.6999999999916,-129.800000000003,23,11/22/2024 9:00:00 PM,V0J 1K0,O3,-129.800000000003,57.6999999999916
313,0.471,2.134,8.348,0.133,0.066,24.44,57.6999999999916,-129.800000000003,23,11/22/2024 10:00:00 PM,V0J 1K0,O3,-129.800000000003,57.6999999999916
314,0.428,2.036,8.348,0.131,0.058,23.338,57.6999999999916,-129.800000000003,22,11/22/2024 11:00:00 PM,V0J 1K0,O3,-129.800000000003,57.6999999999916
315,0.396,2.255,9.017,0.13,0.055,22.063,57.6999999999916,-129.800000000003,20,11/23/2024 12:00:00 AM,V0J 1K0,O3,-129.800000000003,57.6999999999916
316,0.825,2.456,9.687,0.135,0.049,21.386,57.6999999999916,-129.800000000003,20,11/23/2024 1:00:00 AM,V0J 1K0,O3,-129.800000000003,57.6999999999916
317,0.781,2.751,11.696,0.134,0.046,20.058,57.6999999999916,-129.800000000003,19,11/23/2024 2:00:00 AM,V0J 1K0,O3,-129.800000000003,57.6999999999916
318,0.738,2.606,11.026,0.134,0.042,19.321,57.6999999999916,-129.800000000003,18,11/23/2024 3:00:00 AM,V0J 1K0,O3,-129.800000000003,57.6999999999916
319,0.689,2.551,11.026,0.136,0.04,18.422,57.6999999999916,-129.800000000003,17,11/23/2024 4:00:00 AM,V0J 1K0,O3,-129.800000000003,57.6999999999916
320,0.646,2.941,12.365,0.136,0.037,17.071,57.6999999999916,-129.800000000003,16,11/23/2024 5:00:00 AM,V0J 1K0,O3,-129.800000000003,57.6999999999916
321,0.604,2.764,11.696,0.135,0.034,16.609,57.6999999999916,-129.800000000003,15,11/23/2024 6:00:00 AM,V0J 1K0,O3,-129.800000000003,57.6999999999916
322,0.498,2.519,10.067,0.137,0.031,15.804,57.6999999999916,-129.800000000003,15,11/23/2024 7:00:00 AM,V0J 1K0,O3,-129.800000000003,57.6999999999916
323,0.462,2.312,9.208,0.137,0.029,15.621,57.6999999999916,-129.800000000003,14,11/23/2024 8:00:00 AM,V0J 1K0,O3,-129.800000000003,57.6999999999916
324,0.427,2.398,9.687,0.137,0.026,15.387,57.6999999999916,-129.800000000003,14,11/23/2024 9:00:00 AM,V0J 1K0,O3,-129.800000000003,57.6999999999916
325,0.307,2.219,9.017,0.138,0.027,14.929,57.6999999999916,-129.800000000003,14,11/23/2024 10:00:00 AM,V0J 1K0,O3,-129.800000000003,57.6999999999916
326,0.262,2.193,9.017,0.138,0.024,14.858,57.6999999999916,-129.800000000003,14,11/23/2024 11:00:00 AM,V0J 1K0,O3,-129.800000000003,57.6999999999916
327,0.24,2.329,9.687,0.138,0.022,16.118,57.6999999999916,-129.800000000003,15,11/23/2024 12:00:00 PM,V0J 1K0,O3,-129.800000000003,57.6999999999916
328,0.259,2.306,9.687,0.139,0.026,15.42,57.6999999999916,-129.800000000003,14,11/23/2024 1:00:00 PM,V0J 1K0,O3,-129.800000000003,57.6999999999916
329,0.241,2.117,9.017,0.139,0.023,15.019,57.6999999999916,-129.800000000003,14,11/23/2024 2:00:00 PM,V0J 1K0,O3,-129.800000000003,57.6999999999916
330,0.224,2.402,9.357,0.14,0.021,14.944,57.6999999999916,-129.800000000003,14,11/23/2024 3:00:00 PM,V0J 1K0,O3,-129.800000000003,57.6999999999916
331,0.507,2.359,9.357,0.143,0.029,14.68,57.6999999999916,-129.800000000003,14,11/23/2024 4:00:00 PM,V0J 1K0,O3,-129.800000000003,57.6999999999916
332,0.483,2.121,8.687,0.143,0.027,14.559,57.6999999999916,-129.800000000003,13,11/23/2024 5:00:00 PM,V0J 1K0,O3,-129.800000000003,57.6999999999916
333,0.458,2.189,8.757,0.143,0.024,15.232,57.6999999999916,-129.800000000003,14,11/23/2024 6:00:00 PM,V0J 1K0,O3,-129.800000000003,57.6999999999916
334,0.328,2.171,8.757,0.142,0.039,16.014,57.6999999999916,-129.800000000003,15,11/23/2024 7:00:00 PM,V0J 1K0,O3,-129.800000000003,57.6999999999916
335,0.311,1.776,7.348,0.142,0.036,17.514,57.6999999999916,-129.800000000003,16,11/23/2024 8:00:00 PM,V0J 1K0,O3,-129.800000000003,57.6999999999916
336,0.294,1.782,7.348,0.142,0.034,18.77,57.6999999999916,-129.800000000003,17,11/23/2024 9:00:00 PM,V0J 1K0,O3,-129.800000000003,57.6999999999916
