OBJECTID,createdAt,cloudCover,dewPoint,humidity,pressure,precipIntensity,surfacePressure,temperature,visibility,windGust,windSpeed,windBearing,ozone,uvIndex,precipProbability,apparentTemperature,icon,precipType,lat,lng,x,y
1,11/11/2024 10:00:00 PM,0.92,17.54,89,998,0,840,20,10,2.01,1.57,289,377.37,0,6.66666666666667,20,cloudy,,57.733,-129.7677,-129.7677,57.733
2,11/11/2024 11:00:00 PM,0.82,17.84,93,998,0,840,19,10,1.8,1.92,284,372.26,0,3.33333333333333,19,cloudy,,57.733,-129.7677,-129.7677,57.733
3,11/12/2024 12:00:00 AM,0.71,13.09,97,999,0,841,14,10,2.26,2.39,259,368.73,0,,14,cloudy,,57.733,-129.7677,-129.7677,57.733
4,11/12/2024 1:00:00 AM,0.56,8,98,1001,0,841,10,7.31446,3.16,3.5,217,369.1,0,,3,partly-cloudy,,57.733,-129.7677,-129.7677,57.733
5,11/12/2024 2:00:00 AM,0.11,5.88,98,1003,0,841,8,8.3368,3.13,3.58,204,373.9,0,1,1,clear,,57.733,-129.7677,-129.7677,57.733
6,11/12/2024 3:00:00 AM,0.08,5,98,1003,0,841,7,8.34033,3.43,4.04,186,377.43,0,0,0,clear,,57.733,-129.7677,-129.7677,57.733
7,11/12/2024 4:00:00 AM,0.24,4.46,97,1004,0,841,7,10,3.61,4.04,176,378.39,0,0,0,clear,,57.733,-129.7677,-129.7677,57.733
8,11/12/2024 5:00:00 AM,0.42,4.72,96,1004,0,842,7,10,3.82,4.39,181,373.29,0,,0,partly-cloudy,,57.733,-129.7677,-129.7677,57.733
9,11/12/2024 6:00:00 AM,0.71,4.35,97,1004,0,842,7,10,3.61,4.05,180,374.94,0,,0,cloudy,,57.733,-129.7677,-129.7677,57.733
10,11/12/2024 7:00:00 AM,0.6,4.91,97,1004,0,842,7,10,2.96,3.36,167,376.94,0,0,1,partly-cloudy,,57.733,-129.7677,-129.7677,57.733
11,11/12/2024 8:00:00 AM,0.51,5.03,96,1004,0,842,7,10,2.91,3.15,162,380.84,0,0,1,partly-cloudy,,57.733,-129.7677,-129.7677,57.733
12,11/12/2024 9:00:00 AM,0.55,5.16,96,1004,0,843,7,10,2.93,3.16,160,387.78,0,,1,partly-cloudy,,57.733,-129.7677,-129.7677,57.733
13,11/12/2024 10:00:00 AM,0.75,3.57,97,1005,0,843,6,10,2.69,2.86,149,392.93,0,,6,cloudy,,57.733,-129.7677,-129.7677,57.733
14,11/12/2024 11:00:00 AM,0.99,4.88,97,1005,0,843,7,10,2.7,2.73,149,387.51,0,0,7,cloudy,,57.733,-129.7677,-129.7677,57.733
15,11/12/2024 12:00:00 PM,1,5.5,97,1005,0,843,8,9.93856,2.92,3.09,154,386.33,0,0,1,cloudy,,57.733,-129.7677,-129.7677,57.733
16,11/12/2024 1:00:00 PM,1,7.04,97,1005,0,843,9,10,2.72,2.82,156,382,0,1,9,cloudy,,57.733,-129.7677,-129.7677,57.733
17,11/12/2024 2:00:00 PM,1,6.93,97,1005,0,843,9,10,2.49,2.47,146,382.48,0,2,9,cloudy,,57.733,-129.7677,-129.7677,57.733
18,11/12/2024 3:00:00 PM,1,7.35,97,1005,0,843,9,10,2.46,2.56,150,388.15,0,3,9,cloudy,,57.733,-129.7677,-129.7677,57.733
19,11/12/2024 4:00:00 PM,0.95,8.12,96,1005,0,844,10,10,2.24,2.27,142,391.58,0,4,10,cloudy,,57.733,-129.7677,-129.7677,57.733
20,11/12/2024 5:00:00 PM,0.96,10.16,96,1005,0,844,12,10,2.46,2.47,147,394.4,0,,12,cloudy,,57.733,-129.7677,-129.7677,57.733
21,11/12/2024 6:00:00 PM,0.94,14.41,92,1004,0,845,16,10,2.93,2.12,133,385.17,0,,16,cloudy,,57.733,-129.7677,-129.7677,57.733
22,11/12/2024 7:00:00 PM,0.94,16.88,90,1003,0,845,19,10,2.27,1.25,130,378.63,0,,19,cloudy,,57.733,-129.7677,-129.7677,57.733
23,11/12/2024 8:00:00 PM,0.89,19.2,87,1003,0,845,22,10,2.91,1.27,173,383.88,0,0,22,cloudy,,57.733,-129.7677,-129.7677,57.733
24,11/12/2024 9:00:00 PM,0.67,20.65,85,1002,0,846,24,10,2.52,0.97,192,379.4,0,,24,partly-cloudy,,57.733,-129.7677,-129.7677,57.733
25,11/12/2024 10:00:00 PM,0.33,21.49,86,1002,0,846,25,10,2.48,0.83,165,370.6,0,,25,clear,,57.733,-129.7677,-129.7677,57.733
26,11/12/2024 11:00:00 PM,0.62,21.23,93,1003,0,846,23,10,1.12,0.39,123,374.46,0,,23,partly-cloudy,,57.733,-129.7677,-129.7677,57.733
27,11/13/2024 12:00:00 AM,0.64,15.55,96,1005,0,846,17,10,1.58,1.39,173,373.53,0,0,17,partly-cloudy,,57.733,-129.7677,-129.7677,57.733
28,11/13/2024 1:00:00 AM,0.88,10.43,96,1007,0,846,12,10,3.59,3.91,179,375.77,0,,5,cloudy,,57.733,-129.7677,-129.7677,57.733
29,11/13/2024 2:00:00 AM,0.44,8.44,97,1008,0,846,10,10,3.38,3.69,164,375.61,0,0,3,partly-cloudy,,57.733,-129.7677,-129.7677,57.733
30,11/13/2024 3:00:00 AM,0.73,6.61,97,1009,0,847,8,10,3.18,3.81,146,373.61,0,0,1,cloudy,,57.733,-129.7677,-129.7677,57.733
31,11/13/2024 4:00:00 AM,0.7,5.4,98,1009,0,846,7,6.31466,3.38,3.9,143,367.55,0,,0,partly-cloudy,,57.733,-129.7677,-129.7677,57.733
32,11/13/2024 5:00:00 AM,0.59,5.52,98,1008,0.01,846,7,4.31785,3.39,4.03,137,355.54,0,0,0,rain,,57.733,-129.7677,-129.7677,57.733
33,11/13/2024 6:00:00 AM,0.69,5.49,98,1009,0.01,846,7,4.81709,3.36,4.06,132,364.22,0,0,0,rain,,57.733,-129.7677,-129.7677,57.733
34,11/13/2024 7:00:00 AM,0.58,3.68,98,1008,0.01,846,6,5.61841,3.18,3.76,122,378.03,0,,-1,rain,,57.733,-129.7677,-129.7677,57.733
35,11/13/2024 8:00:00 AM,0.85,3.92,99,1008,0.01,846,6,5.43615,3.84,4.44,125,382.35,0,0,-2,rain,,57.733,-129.7677,-129.7677,57.733
36,11/13/2024 9:00:00 AM,0.63,3.26,99,1008,0,845,5,5.92268,3.38,3.91,114,386.64,0,0,-2,partly-cloudy,,57.733,-129.7677,-129.7677,57.733
37,11/13/2024 10:00:00 AM,0.49,1.58,99,1008,0.01,845,4,5.27611,3.37,3.83,105,390.2,0,0,-3,rain,,57.733,-129.7677,-129.7677,57.733
38,11/13/2024 11:00:00 AM,0.82,2.8,99,1006,0.01,844,5,3.93387,3.58,4.32,120,389.04,0,,-3,rain,,57.733,-129.7677,-129.7677,57.733
39,11/13/2024 12:00:00 PM,1,5.14,99,1005,0.01,844,7,4.6986,3.6,4.24,115,380.8,0,,0,rain,,57.733,-129.7677,-129.7677,57.733
40,11/13/2024 1:00:00 PM,1,6.86,99,1004,0.01,843,8,4.92496,3.59,4.21,98,381.44,0,,1,rain,,57.733,-129.7677,-129.7677,57.733
41,11/13/2024 2:00:00 PM,0.99,7.63,98,1003,0.01,842,9,4.39145,3.61,4.41,95,382.58,0,0,1,rain,,57.733,-129.7677,-129.7677,57.733
42,11/13/2024 3:00:00 PM,0.97,8.18,98,1002,0.01,842,10,5.45154,3.83,4.55,93,383.39,0,,2,rain,,57.733,-129.7677,-129.7677,57.733
43,11/13/2024 4:00:00 PM,1,9.91,97,1001,0,841,11,8.09402,5.39,4.7,102,380.6,0,0,3,cloudy,,57.733,-129.7677,-129.7677,57.733
44,11/13/2024 5:00:00 PM,1,12.87,96,999,0.01,841,14,10,5.83,4.52,83,384,0,,7,rain,,57.733,-129.7677,-129.7677,57.733
45,11/13/2024 6:00:00 PM,1,13.39,95,999,0.02,840,15,6.79553,5.6,4.45,83,382.47,0,6,8,rain,,57.733,-129.7677,-129.7677,57.733
46,11/13/2024 7:00:00 PM,1,14.94,93,999,0.03,840,17,8.57285,5.16,4.26,84,377.9,0,7.33333333333333,10,rain,,57.733,-129.7677,-129.7677,57.733
47,11/13/2024 8:00:00 PM,0.97,16.83,92,998,0.02,840,19,2.64136,5.62,4.9,74,371.5,0,8.66666666666667,12,rain,,57.733,-129.7677,-129.7677,57.733
48,11/13/2024 9:00:00 PM,0.98,17.81,91,997,0.02,840,20,4.12619,4.26,3.74,74,369.01,0,,15,rain,Snow,57.733,-129.7677,-129.7677,57.733
49,11/13/2024 10:00:00 PM,1,18.66,92,997,0.01,840,21,9.20667,4.94,4.04,69,371.8,0,,15,rain,,57.733,-129.7677,-129.7677,57.733
50,11/13/2024 11:00:00 PM,1,19.09,95,996,0.04,840,20,1.06799,4.73,3.77,50,371.16,0,10,15,rain,,57.733,-129.7677,-129.7677,57.733
51,11/14/2024 12:00:00 AM,1,17.58,98,997,0.03,840,18,1.29849,2.48,2.63,48,372.26,0,,18,rain,Snow,57.733,-129.7677,-129.7677,57.733
52,11/14/2024 1:00:00 AM,1,14.63,98,999,0.03,840,15,1.09525,2.25,2.5,70,379.17,0,5,15,rain,,57.733,-129.7677,-129.7677,57.733
53,11/14/2024 2:00:00 AM,1,14.02,98,999,0.03,841,15,1.35874,1.6,1.67,86,373.7,0,4,15,rain,,57.733,-129.7677,-129.7677,57.733
54,11/14/2024 3:00:00 AM,1,14.12,98,1000,0.04,841,15,0.82903,1.81,1.76,81,366.13,0,3,15,rain,,57.733,-129.7677,-129.7677,57.733
55,11/14/2024 4:00:00 AM,0.97,14.79,98,1000,0.05,841,16,0.7047,1.36,1.62,99,362.18,0,,16,rain,Snow,57.733,-129.7677,-129.7677,57.733
56,11/14/2024 5:00:00 AM,1,15.35,98,1000,0.03,841,16,1.1403,2.03,2.07,96,363.31,0,,16,rain,Snow,57.733,-129.7677,-129.7677,57.733
57,11/14/2024 6:00:00 AM,1,15.16,97,1000,0.05,841,16,0.79778,2.49,2.56,85,362.81,0,19,16,rain,,57.733,-129.7677,-129.7677,57.733
58,11/14/2024 7:00:00 AM,1,13.75,98,1001,0.03,841,15,0.94874,2.48,2.51,63,366.09,0,14.6666666666667,15,rain,,57.733,-129.7677,-129.7677,57.733
59,11/14/2024 8:00:00 AM,1,11.3,98,1002,0.05,842,12,0.74299,2.27,2.36,76,372.75,0,10.3333333333333,12,rain,,57.733,-129.7677,-129.7677,57.733
60,11/14/2024 9:00:00 AM,1,11.97,98,1003,0.04,842,13,0.81853,2.46,2.48,90,376.94,0,6,13,rain,,57.733,-129.7677,-129.7677,57.733
61,11/14/2024 10:00:00 AM,1,11.03,98,1004,0.05,843,12,0.71918,2.04,2.26,92,383.44,0,,12,rain,Snow,57.733,-129.7677,-129.7677,57.733
62,11/14/2024 11:00:00 AM,1,12.12,98,1003,0.04,843,13,0.93614,2.69,2.82,78,385.89,0,6,13,rain,,57.733,-129.7677,-129.7677,57.733
63,11/14/2024 12:00:00 PM,0.99,13.07,97,1004,0.05,843,14,0.73841,2.29,2.47,69,388.22,0,,14,rain,Snow,57.733,-129.7677,-129.7677,57.733
64,11/14/2024 1:00:00 PM,0.99,12.85,97,1004,0.06,844,14,0.53211,1.8,1.57,52,396.99,0,28,14,rain,,57.733,-129.7677,-129.7677,57.733
65,11/14/2024 2:00:00 PM,0.99,12.32,97,1005,0.1,844,14,0.33492,1.84,1.79,37,402.81,0,40,14,rain,,57.733,-129.7677,-129.7677,57.733
66,11/14/2024 3:00:00 PM,0.99,12.55,97,1005,0.11,844,14,0.34265,2.73,2.71,40,406.13,0,,14,rain,Snow,57.733,-129.7677,-129.7677,57.733
67,11/14/2024 4:00:00 PM,1,12.3,97,1006,0.18,844,14,0.2111,2.03,2.22,32,407.32,0,64.6666666666667,14,rain,,57.733,-129.7677,-129.7677,57.733
68,11/14/2024 5:00:00 PM,1,12.3,96,1006,0.11,845,14,0.32065,2.04,1.63,34,413.61,0,,14,rain,Snow,57.733,-129.7677,-129.7677,57.733
69,11/14/2024 6:00:00 PM,1,13.83,94,1006,0.37,845,16,0.13162,2.74,2.6,335,417.8,0,94,16,rain,,57.733,-129.7677,-129.7677,57.733
70,11/14/2024 7:00:00 PM,1,14.66,93,1007,0.3,846,16,0.15598,3.82,3.48,335,423.27,0,96,11,rain,,57.733,-129.7677,-129.7677,57.733
71,11/14/2024 8:00:00 PM,1,15.38,93,1007,0.35,847,17,0.14876,4.25,3.78,318,421.44,0,,11,rain,Snow,57.733,-129.7677,-129.7677,57.733
72,11/14/2024 9:00:00 PM,1,15.76,93,1008,0.38,847,18,0.15338,4.52,3.92,312,422.1,0,,12,rain,Snow,57.733,-129.7677,-129.7677,57.733
73,11/14/2024 10:00:00 PM,1,15.88,93,1009,0.31,848,18,0.16724,4.26,3.72,306,422.2,0,,12,rain,Snow,57.733,-129.7677,-129.7677,57.733
74,11/14/2024 11:00:00 PM,0.99,16.73,94,1009,0.33,849,18,0.17204,3.64,3.08,305,434.11,0,100,14,rain,,57.733,-129.7677,-129.7677,57.733
75,11/15/2024 12:00:00 AM,0.98,16.8,96,1010,0.43,850,18,0.16562,2.92,1.83,289,428.79,0,,18,rain,Snow,57.733,-129.7677,-129.7677,57.733
76,11/15/2024 1:00:00 AM,0.98,16.53,96,1010,0.12,851,18,3.1587,1.81,1.38,235,419.71,0,78.3333333333333,18,rain,,57.733,-129.7677,-129.7677,57.733
77,11/15/2024 2:00:00 AM,0.86,12.05,97,1012,0.02,851,13,10,2.46,2.78,221,420,0,,13,rain,,57.733,-129.7677,-129.7677,57.733
78,11/15/2024 3:00:00 AM,0.68,6.64,97,1014,0,851,9,7.96001,3.81,4.26,203,401.68,0,,1,partly-cloudy,,57.733,-129.7677,-129.7677,57.733
79,11/15/2024 4:00:00 AM,0.68,4.91,97,1015,0,851,7,7.84913,4.47,5.18,193,388.81,0,,-1,partly-cloudy,,57.733,-129.7677,-129.7677,57.733
80,11/15/2024 5:00:00 AM,0.65,4.89,96,1015,0,852,7,10,4.7,5.45,193,379.32,0,,-2,partly-cloudy,,57.733,-129.7677,-129.7677,57.733
81,11/15/2024 6:00:00 AM,0.5,4.98,96,1015,0,852,7,10,4.7,5.38,196,378.65,0,,-1,partly-cloudy,,57.733,-129.7677,-129.7677,57.733
82,11/15/2024 7:00:00 AM,0.42,4.82,96,1015,0,852,7,10,4.95,5.45,197,379.46,0,0,-2,partly-cloudy,,57.733,-129.7677,-129.7677,57.733
83,11/15/2024 8:00:00 AM,0.68,5.26,95,1015,0,852,8,10,4.96,5.41,198,377.51,0,0,-1,partly-cloudy,,57.733,-129.7677,-129.7677,57.733
84,11/15/2024 9:00:00 AM,0.58,5.98,95,1016,0,852,8,10,4.94,5.41,197,369.58,0,0,0,partly-cloudy,,57.733,-129.7677,-129.7677,57.733
85,11/15/2024 10:00:00 AM,0.69,6.5,94,1016,0,853,9,10,4.72,5.36,196,369.71,0,0,0,partly-cloudy,,57.733,-129.7677,-129.7677,57.733
86,11/15/2024 11:00:00 AM,0.79,6.02,95,1016,0,852,8,10,4.95,5.5,193,363.97,0,,0,cloudy,,57.733,-129.7677,-129.7677,57.733
87,11/15/2024 12:00:00 PM,1,13.56,91,1013,0,852,16,10,6.97,4.65,194,353.49,0,,9,cloudy,,57.733,-129.7677,-129.7677,57.733
88,11/15/2024 1:00:00 PM,1,12.32,92,1013,0,853,15,10,5.62,5.16,194,349.05,0,0,7,cloudy,,57.733,-129.7677,-129.7677,57.733
89,11/15/2024 2:00:00 PM,0.87,7.29,94,1015,0,853,10,10,5.37,6.18,193,349,0,,0,cloudy,,57.733,-129.7677,-129.7677,57.733
90,11/15/2024 3:00:00 PM,0.5,6.01,94,1016,0,852,9,10,5.38,6.28,191,342.41,0,,-1,partly-cloudy,,57.733,-129.7677,-129.7677,57.733
91,11/15/2024 4:00:00 PM,0.51,5.47,94,1015,0,851,8,10,6.5,5.98,181,333.21,0,0,-1,partly-cloudy,,57.733,-129.7677,-129.7677,57.733
92,11/15/2024 5:00:00 PM,0.5,6.41,94,1014,0,851,9,10,6.26,6.08,173,334.99,0,,0,partly-cloudy,,57.733,-129.7677,-129.7677,57.733
93,11/15/2024 6:00:00 PM,0.61,11.03,91,1012,0,851,14,10,8.12,5.43,167,339.8,0,0,5,partly-cloudy,,57.733,-129.7677,-129.7677,57.733
94,11/15/2024 7:00:00 PM,1,14.79,88,1010,0,851,18,10,8.3,5.29,164,341.18,0,,10,cloudy,,57.733,-129.7677,-129.7677,57.733
95,11/15/2024 8:00:00 PM,1,16.95,86,1009,0,850,21,10,9.18,6.06,163,343.72,0,0,13,cloudy,,57.733,-129.7677,-129.7677,57.733
96,11/15/2024 9:00:00 PM,1,17.89,84,1007,0,849,22,10,9.86,6.55,161,347.22,0,0,14,cloudy,,57.733,-129.7677,-129.7677,57.733
97,11/15/2024 10:00:00 PM,0.84,18.69,86,1006,0,848,22,10,10.74,6.26,154,350.04,0,,14,cloudy,,57.733,-129.7677,-129.7677,57.733
98,11/15/2024 11:00:00 PM,0.75,17.34,88,1005,0,846,20,10,10.75,6.69,140,336.11,0,0,12,cloudy,,57.733,-129.7677,-129.7677,57.733
99,11/16/2024 12:00:00 AM,0.81,13.67,92,1005,0,845,16,10,8.95,6.93,142,332.73,0,,6,cloudy,,57.733,-129.7677,-129.7677,57.733
100,11/16/2024 1:00:00 AM,0.74,10.61,93,1005,0,844,13,10,8.72,7.26,145,328.52,0,1,2,cloudy,,57.733,-129.7677,-129.7677,57.733
101,11/16/2024 2:00:00 AM,0.73,9.31,94,1005,0.01,843,12,10,8.95,7.38,145,329.33,0,2,1,rain,,57.733,-129.7677,-129.7677,57.733
102,11/16/2024 3:00:00 AM,0.76,13.99,91,1002,0,842,17,10,12.31,7.93,148,331.7,0,3,6,cloudy,,57.733,-129.7677,-129.7677,57.733
103,11/16/2024 4:00:00 AM,0.89,12.79,92,1001,0.34,841,15,2.36293,10.52,7.21,151,333.18,0,,5,rain,,57.733,-129.7677,-129.7677,57.733
104,11/16/2024 5:00:00 AM,0.91,13.88,94,1000,0.77,841,16,0.75894,10.1,6.55,144,330.07,0,61,6,rain,,57.733,-129.7677,-129.7677,57.733
105,11/16/2024 6:00:00 AM,0.97,17.2,95,998,0.46,841,19,0.35973,6.49,3.92,126,331.38,0,,13,rain,Snow,57.733,-129.7677,-129.7677,57.733
106,11/16/2024 7:00:00 AM,1,18.3,96,998,1.6,841,19,0.12535,7.17,4.32,144,333.97,0,100,13,rain,,57.733,-129.7677,-129.7677,57.733
107,11/16/2024 8:00:00 AM,1,19,96,998,0.26,840,20,0.72918,6.04,3.84,123,333.31,0,100,15,rain,,57.733,-129.7677,-129.7677,57.733
108,11/16/2024 9:00:00 AM,1,18.95,96,998,0.6,840,20,0.16043,6.94,4.66,123,332.23,0,100,13,rain,,57.733,-129.7677,-129.7677,57.733
109,11/16/2024 10:00:00 AM,1,18.19,97,998,0.28,840,19,0.19649,7.17,4.59,141,333.82,0,90.3333333333333,12,rain,,57.733,-129.7677,-129.7677,57.733
110,11/16/2024 11:00:00 AM,1,12.31,96,999,0,839,14,10,4.48,4.55,129,332.48,0,,6,cloudy,,57.733,-129.7677,-129.7677,57.733
111,11/16/2024 12:00:00 PM,1,12.28,96,998,0.02,838,14,9.96543,4.08,4,132,334.87,0,68,7,rain,,57.733,-129.7677,-129.7677,57.733
112,11/16/2024 1:00:00 PM,1,16.03,95,996,0.39,837,17,1.56381,6.75,4.97,131,335.04,0,74.3333333333333,10,rain,,57.733,-129.7677,-129.7677,57.733
113,11/16/2024 2:00:00 PM,1,17.71,96,995,0.53,837,19,0.14841,4.03,3.4,83,333,0,80.6666666666667,14,rain,,57.733,-129.7677,-129.7677,57.733
114,11/16/2024 3:00:00 PM,1,18.25,96,995,0.41,836,19,0.33601,4.74,3.64,93,331.31,0,,14,rain,Snow,57.733,-129.7677,-129.7677,57.733
115,11/16/2024 4:00:00 PM,1,16.76,97,994,0.68,836,18,0.48029,5.38,4.47,119,329.39,0,88,11,rain,,57.733,-129.7677,-129.7677,57.733
116,11/16/2024 5:00:00 PM,0.87,17.12,96,994,0.04,835,18,2.86605,4.7,3.9,118,327.19,0,89,12,rain,,57.733,-129.7677,-129.7677,57.733
117,11/16/2024 6:00:00 PM,0.7,17.03,95,993,0.12,835,18,4.44387,5.16,3.68,120,327.37,0,,13,rain,,57.733,-129.7677,-129.7677,57.733
118,11/16/2024 7:00:00 PM,0.88,18.8,93,992,0.19,835,20,0.42672,5.37,3.61,139,329.43,0,88,15,rain,,57.733,-129.7677,-129.7677,57.733
119,11/16/2024 8:00:00 PM,0.86,20.21,93,991,0.19,834,22,0.31681,5.39,3.64,141,331.01,0,,17,rain,Snow,57.733,-129.7677,-129.7677,57.733
120,11/16/2024 9:00:00 PM,0.98,20.82,90,991,0.12,833,23,1.98643,4.7,2.79,157,334.42,0,84,23,rain,,57.733,-129.7677,-129.7677,57.733
121,11/16/2024 10:00:00 PM,1,21.66,92,990,0.19,833,23,3.51292,3.39,1.87,182,335.92,0,63.6666666666667,23,rain,,57.733,-129.7677,-129.7677,57.733
122,11/16/2024 11:00:00 PM,1,20.8,94,989,0,832,22,10,3.37,3.18,179,341.13,0,43.3333333333333,18,cloudy,,57.733,-129.7677,-129.7677,57.733
123,11/17/2024 12:00:00 AM,1,14.22,95,990,0,831,16,10,3.37,3.8,160,345.95,0,3,10,cloudy,,57.733,-129.7677,-129.7677,57.733
124,11/17/2024 1:00:00 AM,1,8.16,96,991,0,831,10,10,3.58,4.28,168,350,0,2,2,cloudy,,57.733,-129.7677,-129.7677,57.733
125,11/17/2024 2:00:00 AM,1,7.94,98,992,0.01,831,9,4.521,3.8,4.61,159,353.73,0,1,1,rain,,57.733,-129.7677,-129.7677,57.733
126,11/17/2024 3:00:00 AM,1,7.85,98,992,0.01,831,10,3.11246,4.7,4.72,158,355.95,0,0,1,rain,,57.733,-129.7677,-129.7677,57.733
127,11/17/2024 4:00:00 AM,0.99,8.01,98,992,0.01,831,10,3.86171,4.03,3.73,149,355.86,0,1,3,rain,,57.733,-129.7677,-129.7677,57.733
128,11/17/2024 5:00:00 AM,0.97,10.51,96,990,0.01,832,12,6.16647,3.13,3.54,156,353.3,0,2,6,rain,,57.733,-129.7677,-129.7677,57.733
129,11/17/2024 6:00:00 AM,0.98,11.3,95,990,0,831,13,10,2.92,3.15,146,355.14,0,,8,cloudy,,57.733,-129.7677,-129.7677,57.733
130,11/17/2024 7:00:00 AM,0.98,8.62,96,990,0,831,11,10,2.68,3.02,146,355.19,0,5,5,cloudy,,57.733,-129.7677,-129.7677,57.733
131,11/17/2024 8:00:00 AM,0.95,6.45,95,991,0,831,9,10,2.74,3.08,146,354.5,0,,3,cloudy,,57.733,-129.7677,-129.7677,57.733
132,11/17/2024 9:00:00 AM,1,4.53,96,992,0,832,7,9.5316,2.73,3.07,145,355.35,0,,1,cloudy,,57.733,-129.7677,-129.7677,57.733
133,11/17/2024 10:00:00 AM,1,5.12,95,992,0,832,8,10,2.73,3.18,157,356.91,0,,1,cloudy,,57.733,-129.7677,-129.7677,57.733
134,11/17/2024 11:00:00 AM,1,8.71,97,992,0.03,833,10,1.29724,2.29,2.58,167,358.92,0,5,10,rain,,57.733,-129.7677,-129.7677,57.733
135,11/17/2024 12:00:00 PM,1,10.05,97,992,0.03,833,12,1.38363,2.25,2.38,179,361.11,0,13,12,rain,,57.733,-129.7677,-129.7677,57.733
136,11/17/2024 1:00:00 PM,1,10.08,97,992,0.03,833,12,1.97117,2.5,2.65,195,363,0,,12,rain,,57.733,-129.7677,-129.7677,57.733
137,11/17/2024 2:00:00 PM,0.96,8.67,98,993,0.02,834,10,3.43409,3,3.25,192,363.33,0,,4,rain,,57.733,-129.7677,-129.7677,57.733
138,11/17/2024 3:00:00 PM,0.99,7.18,98,994,0.02,834,9,3.75241,3.21,3.59,186,364.93,0,35,2,rain,,57.733,-129.7677,-129.7677,57.733
139,11/17/2024 4:00:00 PM,0.99,7.39,98,994,0.03,835,9,2.9249,3.36,3.7,182,366.1,0,,2,rain,,57.733,-129.7677,-129.7677,57.733
140,11/17/2024 5:00:00 PM,0.9,10.24,96,994,0.04,834,12,3.52348,3.63,3.48,186,366.33,0,55,6,rain,,57.733,-129.7677,-129.7677,57.733
141,11/17/2024 6:00:00 PM,0.95,12.01,94,994,0.02,835,14,5.38463,4.03,3.22,191,368.1,0,,8,rain,,57.733,-129.7677,-129.7677,57.733
142,11/17/2024 7:00:00 PM,1,14.69,92,994,0.02,835,17,7.29634,3.8,2.54,202,371.81,0,49.6666666666667,17,rain,,57.733,-129.7677,-129.7677,57.733
143,11/17/2024 8:00:00 PM,1,16.53,90,993,0.01,835,19,10,3.36,2.13,219,376.44,0,,19,rain,,57.733,-129.7677,-129.7677,57.733
144,11/17/2024 9:00:00 PM,1,17.33,90,993,0,836,20,10,2.46,1.41,243,379.7,0,,20,cloudy,,57.733,-129.7677,-129.7677,57.733
145,11/17/2024 10:00:00 PM,1,17.75,92,994,0,836,20,10,2.01,0.98,252,381.41,0,30,20,cloudy,,57.733,-129.7677,-129.7677,57.733
146,11/17/2024 11:00:00 PM,0.91,15.98,96,994,0,837,17,10,0.9,0.57,142,379.77,0,,17,cloudy,,57.733,-129.7677,-129.7677,57.733
147,11/18/2024 12:00:00 AM,1,11.58,96,995,0.01,837,13,5.57295,2.24,2.52,172,382.33,0,,13,rain,,57.733,-129.7677,-129.7677,57.733
148,11/18/2024 1:00:00 AM,1,9.44,97,996,0,837,11,10,2.47,2.83,140,385.75,0,,11,cloudy,,57.733,-129.7677,-129.7677,57.733
149,11/18/2024 2:00:00 AM,1,7.22,96,998,0,837,9,10,3.14,3.54,155,388.01,0,,3,cloudy,,57.733,-129.7677,-129.7677,57.733
150,11/18/2024 3:00:00 AM,1,7.12,96,998,0,838,9,10,2.93,3.43,145,388.09,0,,3,cloudy,,57.733,-129.7677,-129.7677,57.733
151,11/18/2024 4:00:00 AM,1,9.41,96,999,0.13,838,11,2.02602,2.7,3.1,151,385.51,0,,6,rain,Snow,57.733,-129.7677,-129.7677,57.733
152,11/18/2024 5:00:00 AM,0.99,12.36,97,998,0.21,839,14,0.21299,3.16,3.03,122,383.2,0,,9,rain,Snow,57.733,-129.7677,-129.7677,57.733
153,11/18/2024 6:00:00 AM,1,13.4,96,998,0.04,839,15,1.17053,3.19,2.76,105,383.61,0,42,15,rain,,57.733,-129.7677,-129.7677,57.733
154,11/18/2024 7:00:00 AM,1,9.53,97,1000,0.03,839,11,1.13684,2.46,2.56,124,384.45,0,35.6666666666667,11,rain,,57.733,-129.7677,-129.7677,57.733
155,11/18/2024 8:00:00 AM,1,8.33,97,1001,0.01,840,10,3.64702,2.68,2.72,129,389.31,0,29.3333333333333,10,rain,,57.733,-129.7677,-129.7677,57.733
156,11/18/2024 9:00:00 AM,0.97,6.23,96,1002,0.01,840,8,6.28937,2.7,2.85,132,394.76,0,23,8,rain,,57.733,-129.7677,-129.7677,57.733
157,11/18/2024 10:00:00 AM,1,4.89,96,1003,0,841,7,6.89981,2.95,3.29,133,400.92,0,,1,cloudy,,57.733,-129.7677,-129.7677,57.733
158,11/18/2024 11:00:00 AM,0.96,3.11,97,1004,0,842,6,10,2.95,3.24,138,400.28,0,27,0,cloudy,,57.733,-129.7677,-129.7677,57.733
159,11/18/2024 12:00:00 PM,0.91,3.99,96,1004,0.01,842,6,6.602,2.91,3.2,134,403.13,0,3,0,rain,,57.733,-129.7677,-129.7677,57.733
160,11/18/2024 1:00:00 PM,0.96,3.16,97,1005,0.01,842,6,7.66387,2.7,3.17,123,408.55,0,,0,rain,,57.733,-129.7677,-129.7677,57.733
161,11/18/2024 2:00:00 PM,0.98,3.45,97,1005,0.01,842,6,5.28555,2.72,3.18,133,414.99,0,22.3333333333333,0,rain,,57.733,-129.7677,-129.7677,57.733
162,11/18/2024 3:00:00 PM,1,5.73,97,1005,0.07,843,8,1.51258,2.48,2.85,118,420.6,0,,8,rain,Snow,57.733,-129.7677,-129.7677,57.733
163,11/18/2024 4:00:00 PM,1,7.19,97,1005,0.2,844,9,0.72741,2.69,2.86,111,423.7,0,44,9,rain,,57.733,-129.7677,-129.7677,57.733
164,11/18/2024 5:00:00 PM,0.98,6.92,98,1005,0.31,843,9,0.36045,3.14,2.85,114,422.79,0,56,9,rain,,57.733,-129.7677,-129.7677,57.733
165,11/18/2024 6:00:00 PM,0.97,11.04,95,1004,0.36,844,13,0.19037,2.72,2.32,78,425.02,0,,13,rain,Snow,57.733,-129.7677,-129.7677,57.733
166,11/18/2024 7:00:00 PM,0.97,13.32,94,1004,0.33,844,15,0.15452,3.37,3.04,57,424.61,0,,10,rain,Snow,57.733,-129.7677,-129.7677,57.733
167,11/18/2024 8:00:00 PM,0.98,14.7,94,1005,0.26,845,17,0.16941,3.18,3.28,50,425.54,0,,11,rain,Snow,57.733,-129.7677,-129.7677,57.733
168,11/18/2024 9:00:00 PM,0.97,15.53,93,1005,0.23,845,17,0.21341,3.59,3.45,53,422.5,0,74,12,rain,,57.733,-129.7677,-129.7677,57.733
169,11/18/2024 10:00:00 PM,0.99,16.12,94,1005,0.31,846,18,0.16967,3.59,3.28,53,418.62,0,78.3333333333333,13,rain,,57.733,-129.7677,-129.7677,57.733
170,11/18/2024 11:00:00 PM,1,15.96,95,1005,0.29,847,17,0.21689,3.6,3.24,32,412.61,0,82.6666666666667,12,rain,,57.733,-129.7677,-129.7677,57.733
171,11/19/2024 12:00:00 AM,1,15.22,97,1006,0.31,847,16,0.13935,3.36,2.93,24,410.43,0,94,16,rain,,57.733,-129.7677,-129.7677,57.733
172,11/19/2024 1:00:00 AM,1,14.9,96,1007,0.41,847,16,0.13437,3.13,2.26,21,411.37,0,,16,rain,Snow,57.733,-129.7677,-129.7677,57.733
173,11/19/2024 2:00:00 AM,1,14.28,97,1008,0.28,848,15,0.23107,3.36,2.58,29,415.61,0,,15,rain,Snow,57.733,-129.7677,-129.7677,57.733
174,11/19/2024 3:00:00 AM,1,13.04,97,1009,0.18,849,14,0.42003,2.48,2.05,42,414.65,0,90,14,rain,,57.733,-129.7677,-129.7677,57.733
175,11/19/2024 4:00:00 AM,0.91,11.74,98,1010,0.1,849,13,0.39466,1.58,1.36,56,409.69,0,,13,rain,Snow,57.733,-129.7677,-129.7677,57.733
176,11/19/2024 5:00:00 AM,0.96,6.68,98,1013,0.06,850,8,0.48763,2.25,2.24,105,408.5,0,,8,rain,Snow,57.733,-129.7677,-129.7677,57.733
177,11/19/2024 6:00:00 AM,0.93,3.97,98,1015,0.05,851,6,0.65968,2.5,2.72,118,406.92,0,,6,rain,Snow,57.733,-129.7677,-129.7677,57.733
178,11/19/2024 7:00:00 AM,0.94,1.9,98,1016,0.03,851,4,0.95555,2.71,2.99,122,405.31,0,16.3333333333333,4,rain,,57.733,-129.7677,-129.7677,57.733
179,11/19/2024 8:00:00 AM,0.91,-0.01,98,1018,0.03,852,3,1.041,2.7,3.04,122,400.75,0,,-3,rain,,57.733,-129.7677,-129.7677,57.733
180,11/19/2024 9:00:00 AM,0.9,-1.26,98,1019,0.03,853,1,1.08744,2.95,3.23,113,401.42,0,3,-5,rain,,57.733,-129.7677,-129.7677,57.733
181,11/19/2024 10:00:00 AM,0.93,-2.84,99,1021,0.02,854,0,1.35528,2.91,3.32,108,402.2,0,2,-7,rain,,57.733,-129.7677,-129.7677,57.733
182,11/19/2024 11:00:00 AM,0.9,-5.22,100,1022,0.02,854,-1,1.5714,2.69,3.02,112,404.54,0,,-8,rain,,57.733,-129.7677,-129.7677,57.733
183,11/19/2024 12:00:00 PM,0.91,-6.89,100,1023,0.02,855,-3,1.70698,2.73,3.05,108,403.82,0,0,-10,rain,,57.733,-129.7677,-129.7677,57.733
184,11/19/2024 1:00:00 PM,0.92,-9.09,100,1025,0.02,855,-4,1.89039,2.69,2.99,117,399.63,0,,-4,rain,Snow,57.733,-129.7677,-129.7677,57.733
185,11/19/2024 2:00:00 PM,0.9,-10.39,100,1026,0.01,856,-6,1.88115,2.7,2.89,94,398.33,0,0,-6,rain,,57.733,-129.7677,-129.7677,57.733
186,11/19/2024 3:00:00 PM,0.9,-12.17,100,1028,0.02,856,-7,1.55976,2.5,2.9,110,401.19,0,0,-7,rain,,57.733,-129.7677,-129.7677,57.733
187,11/19/2024 4:00:00 PM,0.93,-12.65,100,1029,0.02,857,-8,1.59672,2.7,2.85,89,403.06,0,,-8,rain,Snow,57.733,-129.7677,-129.7677,57.733
188,11/19/2024 5:00:00 PM,0.87,-12.7,100,1029,0.02,858,-8,1.48836,2.73,2.9,95,405.83,0,,-8,rain,Snow,57.733,-129.7677,-129.7677,57.733
189,11/19/2024 6:00:00 PM,0.83,-6.41,99,1028,0.02,859,-2,2.11432,4.49,3.31,64,407.2,0,0,-10,rain,,57.733,-129.7677,-129.7677,57.733
190,11/19/2024 7:00:00 PM,0.85,-2.53,96,1028,0.01,859,1,2.72929,5.84,4.37,47,410.4,0,,-7,rain,,57.733,-129.7677,-129.7677,57.733
191,11/19/2024 8:00:00 PM,0.83,-0.83,94,1028,0.01,860,3,4.07442,6.27,4.94,43,412.7,0,0,-6,rain,,57.733,-129.7677,-129.7677,57.733
192,11/19/2024 9:00:00 PM,0.81,-0.3,92,1028,0.01,860,3,6.42397,6.53,5.49,38,411.8,0,,-6,rain,,57.733,-129.7677,-129.7677,57.733
193,11/20/2024 12:00:00 AM,0.75,-5,99,1030,0,862,-1,10,3.59,4.17,42,404.61,0,0,-10,cloudy,,57.733,-129.7677,-129.7677,57.733
194,11/20/2024 1:00:00 AM,0.77,-9.63,100,1032,0,862,-5,7.04707,3.15,3.4,50,406.29,0,0,-14,cloudy,,57.733,-129.7677,-129.7677,57.733
195,11/20/2024 2:00:00 AM,0.71,-12.77,100,1033,0.01,861,-8,10,2.91,3.28,56,409.08,0,,-17,rain,,57.733,-129.7677,-129.7677,57.733
196,11/20/2024 3:00:00 AM,0.7,-16.1,100,1035,0.01,862,-11,10,2.91,3.15,66,410.08,0,,-20,rain,,57.733,-129.7677,-129.7677,57.733
197,11/20/2024 4:00:00 AM,0.58,-18.23,100,1035,0.01,862,-13,10,2.7,3.03,72,412.21,0,0,-22,rain,,57.733,-129.7677,-129.7677,57.733
198,11/20/2024 5:00:00 AM,0.55,-20.18,100,1036,0,862,-15,10,2.94,3.35,69,409.24,0,,-24,partly-cloudy,,57.733,-129.7677,-129.7677,57.733
199,11/20/2024 6:00:00 AM,0.5,-22.28,100,1036,0,861,-17,10,2.91,3.18,62,408.3,0,,-26,partly-cloudy,,57.733,-129.7677,-129.7677,57.733
200,11/20/2024 7:00:00 AM,0.6,-24.05,100,1037,0,862,-18,8.99073,2.91,2.95,66,408.8,0,0,-18,partly-cloudy,,57.733,-129.7677,-129.7677,57.733
201,11/20/2024 8:00:00 AM,0.56,-24.98,100,1037,0,861,-19,9.10408,3.13,3.33,57,407.02,0,,-29,partly-cloudy,,57.733,-129.7677,-129.7677,57.733
202,11/20/2024 9:00:00 AM,0.56,-25.37,100,1037,0,861,-19,10,4.25,3.62,62,407.57,0,,-31,partly-cloudy,,57.733,-129.7677,-129.7677,57.733
203,11/20/2024 10:00:00 AM,0.57,-26.18,100,1037,0,861,-20,10,4.72,4.02,56,410.58,0,0,-32,partly-cloudy,,57.733,-129.7677,-129.7677,57.733
204,11/20/2024 11:00:00 AM,0.44,-25.37,100,1036,0,861,-19,10,5.37,4.84,55,406.05,0,0,-33,partly-cloudy,,57.733,-129.7677,-129.7677,57.733
205,11/20/2024 12:00:00 PM,0.42,-25.89,100,1036,0,861,-20,10,4.94,4.82,60,408.64,0,,-34,partly-cloudy,,57.733,-129.7677,-129.7677,57.733
206,11/20/2024 1:00:00 PM,0.36,-25.27,99,1035,0,860,-19,10,6.49,5.54,59,409.44,0,0,-34,clear,,57.733,-129.7677,-129.7677,57.733
207,11/20/2024 2:00:00 PM,0.46,-25.46,99,1035,0,860,-19,10,5.83,5.11,65,409.93,0,0,-34,partly-cloudy,,57.733,-129.7677,-129.7677,57.733
208,11/20/2024 3:00:00 PM,0.65,-20.86,97,1034,0,860,-15,10,8.5,5.91,54,410.98,0,0,-29,partly-cloudy,,57.733,-129.7677,-129.7677,57.733
209,11/20/2024 4:00:00 PM,1,-20.34,97,1034,0,860,-14,10,8.5,5.99,59,408.78,0,,-29,cloudy,,57.733,-129.7677,-129.7677,57.733
210,11/20/2024 5:00:00 PM,1,-20.61,96,1035,0,859,-14,10,8.5,6.13,61,404.2,0,0,-29,cloudy,,57.733,-129.7677,-129.7677,57.733
211,11/20/2024 6:00:00 PM,0.89,-19.25,93,1035,0,860,-12,10,8.29,6.49,60,401.6,0,0,-28,cloudy,,57.733,-129.7677,-129.7677,57.733
212,11/20/2024 7:00:00 PM,0.84,-17.8,90,1035,0,860,-11,10,8.52,6.79,60,396.63,0,0,-26,cloudy,,57.733,-129.7677,-129.7677,57.733
213,11/20/2024 8:00:00 PM,0.71,-16.02,89,1034,0,860,-9,10,8.51,6.73,59,392.56,0,0,-23,cloudy,,57.733,-129.7677,-129.7677,57.733
214,11/20/2024 9:00:00 PM,0.8,-14.43,88,1033,0,860,-7,10,8.06,6.46,58,391.15,0,0,-21,cloudy,,57.733,-129.7677,-129.7677,57.733
215,11/20/2024 10:00:00 PM,0.9,-13.45,88,1033,0,860,-6,10,7.84,6.19,57,390.95,0,0,-19,cloudy,,57.733,-129.7677,-129.7677,57.733
216,11/20/2024 11:00:00 PM,0.65,-12.85,91,1033,0,861,-6,10,7.62,5.45,50,388.8,0,,-19,partly-cloudy,,57.733,-129.7677,-129.7677,57.733
217,11/21/2024 12:00:00 AM,0.52,-16.44,97,1035,0,861,-11,10,3.86,4.55,55,388.56,0,0,-22,partly-cloudy,,57.733,-129.7677,-129.7677,57.733
218,11/21/2024 1:00:00 AM,0.58,-18.21,98,1036,0,861,-13,10,3.58,4.22,59,388.76,0,,-24,partly-cloudy,,57.733,-129.7677,-129.7677,57.733
219,11/21/2024 2:00:00 AM,0.54,-19.62,98,1037,0,862,-14,10,3.6,4.06,66,389.36,0,0,-25,partly-cloudy,,57.733,-129.7677,-129.7677,57.733
220,11/21/2024 3:00:00 AM,0.53,-21.11,98,1038,0,862,-15,10,3.13,3.5,72,390.79,0,0,-25,partly-cloudy,,57.733,-129.7677,-129.7677,57.733
221,11/21/2024 4:00:00 AM,0.51,-22.33,98,1039,0,862,-16,10,3.13,3.31,68,391.47,0,0,-26,partly-cloudy,,57.733,-129.7677,-129.7677,57.733
222,11/21/2024 5:00:00 AM,0.65,-20.47,98,1038,0,862,-15,10,2.92,3.32,63,391.22,0,0,-24,partly-cloudy,,57.733,-129.7677,-129.7677,57.733
223,11/21/2024 6:00:00 AM,0.66,-22.45,99,1039,0,863,-17,10,2.91,3.01,59,394.29,0,0,-26,partly-cloudy,,57.733,-129.7677,-129.7677,57.733
224,11/21/2024 7:00:00 AM,0.66,-24.44,99,1040,0,863,-18,10,2.46,2.64,75,395.27,0,0,-18,partly-cloudy,,57.733,-129.7677,-129.7677,57.733
225,11/21/2024 8:00:00 AM,0.59,-25.39,99,1041,0,863,-19,10,2.28,2.4,73,395.6,0,0,-19,partly-cloudy,,57.733,-129.7677,-129.7677,57.733
226,11/21/2024 9:00:00 AM,0.6,-26.03,99,1042,0,864,-20,10,2.28,2.44,92,394.47,0,0,-20,partly-cloudy,,57.733,-129.7677,-129.7677,57.733
227,11/21/2024 10:00:00 AM,0.47,-26.92,99,1042,0,864,-21,10,1.79,1.92,88,396.73,0,0,-21,partly-cloudy,,57.733,-129.7677,-129.7677,57.733
228,11/21/2024 11:00:00 AM,0.24,-26.72,99,1042,0,863,-21,10,1.82,1.86,82,402,0,,-21,clear,,57.733,-129.7677,-129.7677,57.733
229,11/21/2024 12:00:00 PM,0.15,-27.2,99,1043,0,863,-21,10,1.83,2.06,113,405,0,,-21,clear,,57.733,-129.7677,-129.7677,57.733
230,11/21/2024 1:00:00 PM,0.05,-27.6,99,1043,0,863,-21,10,1.88,2.2,126,406.75,0,,-21,clear,,57.733,-129.7677,-129.7677,57.733
231,11/21/2024 2:00:00 PM,0.01,-27.88,99,1043,0,863,-22,10,2.1,2.43,133,409.35,0,0,-22,clear,,57.733,-129.7677,-129.7677,57.733
232,11/21/2024 3:00:00 PM,0,-28.27,99,1043,0,863,-22,10,2.05,2.19,120,405.8,0,0,-22,clear,,57.733,-129.7677,-129.7677,57.733
233,11/21/2024 4:00:00 PM,0,-28.7,99,1044,0,864,-22,10,1.8,2.12,124,399.88,0,,-22,clear,,57.733,-129.7677,-129.7677,57.733
234,11/21/2024 5:00:00 PM,0,-27.96,99,1043,0,864,-22,10,2.02,2.34,124,379.73,0,,-22,clear,,57.733,-129.7677,-129.7677,57.733
235,11/21/2024 6:00:00 PM,0.02,-20.95,97,1041,0,864,-15,10,2.27,1.89,86,371.12,0,,-15,clear,,57.733,-129.7677,-129.7677,57.733
236,11/21/2024 7:00:00 PM,0.02,-16.85,93,1039,0,864,-10,10,3.58,2.93,51,363.04,0,0,-10,clear,,57.733,-129.7677,-129.7677,57.733
237,11/21/2024 8:00:00 PM,0,-13.67,91,1038,0,864,-7,10,3.83,3.25,41,358.8,0,,-15,clear,,57.733,-129.7677,-129.7677,57.733
238,11/21/2024 9:00:00 PM,0,-11.37,90,1037,0,864,-5,10,3.81,3.31,41,356.83,0,,-13,clear,,57.733,-129.7677,-129.7677,57.733
239,11/21/2024 10:00:00 PM,0,-10.04,90,1036,0,864,-3,10,4.25,3.61,19,354.58,0,0,-12,clear,,57.733,-129.7677,-129.7677,57.733
240,11/21/2024 11:00:00 PM,0,-8.21,93,1035,0,864,-2,10,4.71,3.49,19,361.2,0,0,-11,clear,,57.733,-129.7677,-129.7677,57.733
241,11/19/2024 10:00:00 PM,0.81,-0.3,92,1028,0.01,860,3,6.2397,6.53,5.49,38,411.8,0,0,-6,rain,,57.733,-129.7677,-129.7677,57.733
242,11/19/2024 11:00:00 PM,0.75,-5,99,1030,0,862,-1,10,3.59,3.4,42,404.61,0,0,-10,cloudy,,57.733,-129.7677,-129.7677,57.733
243,11/22/2024 12:00:00 AM,0,-13.69,98,1037,0,864,-8,10,2.03,2.08,22,371.37,0,,-8,clear,,57.733,-129.7677,-129.7677,57.733
244,11/22/2024 1:00:00 AM,0,-17.22,99,1038,0,864,-12,10,0.71,0.4,60,377.72,0,0,-12,clear,,57.733,-129.7677,-129.7677,57.733
245,11/22/2024 2:00:00 AM,0,-18.69,100,1039,0,864,-13,10,1.58,1.89,149,380.21,0,0,-13,clear,,57.733,-129.7677,-129.7677,57.733
246,11/22/2024 3:00:00 AM,0,-19.86,100,1040,0,865,-14,10,1.8,2.17,157,372.8,0,,-14,clear,,57.733,-129.7677,-129.7677,57.733
247,11/22/2024 4:00:00 AM,0.21,-20.84,100,1041,0,865,-15,10,1.35,1.65,149,358.2,0,0,-15,clear,,57.733,-129.7677,-129.7677,57.733
248,11/22/2024 5:00:00 AM,0.57,-20.89,100,1041,0,865,-15,10,1.8,2.32,162,335.59,0,,-15,partly-cloudy,,57.733,-129.7677,-129.7677,57.733
249,11/22/2024 6:00:00 AM,0.33,-21.13,100,1041,0,865,-15,9.68576,2.03,2.45,158,336.79,0,,-15,clear,,57.733,-129.7677,-129.7677,57.733
250,11/22/2024 7:00:00 AM,0.23,-21.14,100,1042,0,865,-15,9.69269,2.69,3.11,154,334.93,0,,-25,clear,,57.733,-129.7677,-129.7677,57.733
251,11/22/2024 8:00:00 AM,0,-21.18,100,1042,0,865,-16,9.60232,2.46,2.99,153,331.95,0,0,-16,clear,,57.733,-129.7677,-129.7677,57.733
252,11/22/2024 9:00:00 AM,0,-21.16,100,1042,0,865,-16,8.64466,2.69,3.14,140,327.07,0,,-25,clear,,57.733,-129.7677,-129.7677,57.733
253,11/22/2024 10:00:00 AM,0,-21.34,100,1041,0,865,-16,10,2.49,2.82,135,323.04,0,,-16,clear,,57.733,-129.7677,-129.7677,57.733
254,11/22/2024 11:00:00 AM,0,-21.65,100,1041,0,866,-16,9.44126,2.05,2.25,114,319.01,0,,-16,clear,,57.733,-129.7677,-129.7677,57.733
255,11/22/2024 12:00:00 PM,0,-22.27,100,1041,0,865,-17,7.474,1.83,2.13,121,308.25,0,0,-17,clear,,57.733,-129.7677,-129.7677,57.733
256,11/22/2024 1:00:00 PM,0,-22.69,100,1041,0,865,-17,7.1185,2.06,2.3,132,304.73,0,0,-17,clear,,57.733,-129.7677,-129.7677,57.733
257,11/22/2024 2:00:00 PM,0.01,-22.65,100,1041,0,864,-17,7.11408,2.33,2.8,138,312.41,0,0,-17,clear,,57.733,-129.7677,-129.7677,57.733
258,11/22/2024 3:00:00 PM,0.26,-22.75,100,1041,0,865,-17,7.21994,2.09,2.23,121,317.83,0,,-17,clear,,57.733,-129.7677,-129.7677,57.733
259,11/22/2024 4:00:00 PM,0.42,-23.21,100,1041,0,864,-17,7.2501,2.03,2.31,120,318.9,0,,-17,partly-cloudy,,57.733,-129.7677,-129.7677,57.733
260,11/22/2024 5:00:00 PM,0.06,-22.53,100,1040,0,863,-17,7.05016,1.8,2.04,116,311.1,0,,-17,clear,,57.733,-129.7677,-129.7677,57.733
261,11/22/2024 6:00:00 PM,0.12,-16.34,99,1038,0,863,-11,7.50888,2.26,2.14,83,314.66,0,0,-11,clear,,57.733,-129.7677,-129.7677,57.733
262,11/22/2024 7:00:00 PM,0.21,-10.92,98,1036,0,863,-6,10,3.36,2.79,49,317.86,0,0,-6,clear,,57.733,-129.7677,-129.7677,57.733
263,11/22/2024 8:00:00 PM,0.25,-7.91,96,1034,0,862,-3,10,5.38,3.97,19,321.53,0,,-12,clear,,57.733,-129.7677,-129.7677,57.733
264,11/22/2024 9:00:00 PM,0.3,-5.52,94,1033,0,862,0,10,5.62,4.16,19,325.23,0,,-10,clear,,57.733,-129.7677,-129.7677,57.733
265,11/22/2024 10:00:00 PM,0.39,-4.24,93,1031,0,861,0,10,5.15,3.8,20,324.6,0,0,-8,clear,,57.733,-129.7677,-129.7677,57.733
266,11/22/2024 11:00:00 PM,0.65,-4.65,97,1031,0,862,0,10,5.43,3.67,356,322.99,0,0,-9,partly-cloudy,,57.733,-129.7677,-129.7677,57.733
267,11/23/2024 12:00:00 AM,0.75,-10.16,100,1032,0,861,-5,7.23902,2.48,2.67,354,323.4,0,,-5,cloudy,,57.733,-129.7677,-129.7677,57.733
268,11/23/2024 1:00:00 AM,0.81,-14.14,100,1033,0.01,861,-9,4.43529,2.04,2.03,351,327.12,0,,-9,rain,,57.733,-129.7677,-129.7677,57.733
269,11/23/2024 2:00:00 AM,0.93,-13.99,100,1033,0.01,861,-9,2.93534,2.01,2.04,357,328.58,0,0,-9,rain,,57.733,-129.7677,-129.7677,57.733
270,11/23/2024 3:00:00 AM,0.94,-15.98,100,1034,0.01,861,-11,2.54367,2.02,1.87,358,328.88,0,0,-11,rain,,57.733,-129.7677,-129.7677,57.733
271,11/23/2024 4:00:00 AM,0.95,-17.43,100,1034,0.01,861,-12,1.72355,2.24,2.28,358,329.92,0,0,-12,rain,,57.733,-129.7677,-129.7677,57.733
272,11/23/2024 5:00:00 AM,0.93,-12.57,100,1032,0.03,861,-8,0.96993,2.91,2.48,23,323.38,0,,-8,rain,Snow,57.733,-129.7677,-129.7677,57.733
273,11/23/2024 6:00:00 AM,0.93,-11.98,100,1032,0.08,861,-7,0.34172,4.27,3.45,23,324.13,0,,-16,rain,Snow,57.733,-129.7677,-129.7677,57.733
274,11/23/2024 7:00:00 AM,0.76,-8.7,100,1031,0.02,860,-4,1.3217,7.21,4.8,20,324.32,0,,-15,rain,Snow,57.733,-129.7677,-129.7677,57.733
275,11/23/2024 8:00:00 AM,0.7,-11.33,100,1032,0.04,860,-6,0.72347,7.4,5,14,324.79,0,,-18,rain,Snow,57.733,-129.7677,-129.7677,57.733
276,11/23/2024 9:00:00 AM,0.68,-11.63,100,1032,0.01,860,-7,2.28882,7.83,5.3,20,327.6,0,0,-19,rain,,57.733,-129.7677,-129.7677,57.733
277,11/23/2024 10:00:00 AM,0.6,-15.83,100,1033,0.01,860,-11,2.75733,3.59,4.02,30,332.45,0,0,-21,rain,,57.733,-129.7677,-129.7677,57.733
278,11/23/2024 11:00:00 AM,0.47,-17.33,100,1034,0.01,860,-12,4.08021,4.49,3.9,28,336.06,0,,-23,rain,,57.733,-129.7677,-129.7677,57.733
279,11/23/2024 12:00:00 PM,0.26,-21.29,100,1035,0,859,-16,10,2.98,3.23,36,337.61,0,0,-25,clear,,57.733,-129.7677,-129.7677,57.733
280,11/23/2024 1:00:00 PM,0.19,-24.17,100,1036,0,859,-18,10,2.93,2.93,50,341.1,0,0,-18,clear,,57.733,-129.7677,-129.7677,57.733
281,11/23/2024 2:00:00 PM,0.13,-25.72,100,1037,0,859,-20,10,2.53,2.6,76,338.01,0,,-20,clear,,57.733,-129.7677,-129.7677,57.733
282,11/23/2024 3:00:00 PM,0.06,-26.79,100,1037,0,860,-21,10,2.24,2.37,78,337.09,0,0,-21,clear,,57.733,-129.7677,-129.7677,57.733
283,11/23/2024 4:00:00 PM,0.05,-27.57,100,1038,0,860,-22,10,2.26,2.34,91,337.45,0,0,-22,clear,,57.733,-129.7677,-129.7677,57.733
284,11/23/2024 5:00:00 PM,0.3,-27.48,100,1038,0,860,-21,9.19892,2.05,2.11,83,338.89,0,0,-21,clear,,57.733,-129.7677,-129.7677,57.733
285,11/23/2024 6:00:00 PM,0.13,-21.38,99,1036,0,860,-16,10,2.96,2.51,59,332.59,0,0,-16,clear,,57.733,-129.7677,-129.7677,57.733
286,11/23/2024 7:00:00 PM,0.07,-15.11,96,1034,0,861,-9,10,5.6,3.9,39,334,0,,-19,clear,,57.733,-129.7677,-129.7677,57.733
287,11/23/2024 8:00:00 PM,0.06,-12.2,93,1034,0,860,-6,10,6.72,4.77,35,334.51,0,0,-17,clear,,57.733,-129.7677,-129.7677,57.733
288,11/23/2024 9:00:00 PM,0.04,-10.58,91,1033,0,861,-4,10,7.17,5.26,34,335.14,0,,-16,clear,,57.733,-129.7677,-129.7677,57.733
